product_id,product_name,rating,review_text,verified_purchase,helpful_count
P122900,Dramatically Different Moisturizing Gel,5,"This is by far my favorite moisturizer for my oily skin. I’ve been using it 4 years now and the results are still amazing. So lightweight, yet so moisturizing. It’s literally amazing! I don’ know how they’ve done it. I even use it around my eyes without any irritation.",True,1
P122900,Dramatically Different Moisturizing Gel,1,"This was honestly a let down. It didn’t help moisturize my face anymore than the cheap face moisturizer from trader joe’s. The only way I could get it to moisturize my face at all was if i smothered my face with it, but then it made my face look and feel greasy, without actually hydrating it.",True,2
P122900,Dramatically Different Moisturizing Gel,2,"I used this because I have sensitive skin, and it did nothing for my face. In fact, my complexion looked a lot more dull when using this, which is a pity as I thought something more ’high end’ would do wonders for my skin. I bet it works well for several people, but personally it did nothing.",True,0
P122900,Dramatically Different Moisturizing Gel,5,"I’ve got oily skin and this gel moisturizer is great. Feels light and refreshing and my skin soaks it up pretty quickly. No fragrance which I love because I have sensitive skin, super gentle no complaints here.",True,0
P122900,Dramatically Different Moisturizing Gel,5,Love this gel moisturizer! great for ppl who have oily skin and cant stand the sticky feel of thicker lotions/creams,True,0
P122900,Dramatically Different Moisturizing Gel,5,"You dont need a lot, a small amount get’s the job done. Feels light compared to the lotion version.",True,0
P122900,Dramatically Different Moisturizing Gel,5,"I’ve tried every moisturizer out there & keep coming back to this one. I use day/night & it makes my skin hydrated, silky & smoothe.",True,3
P122900,Dramatically Different Moisturizing Gel,4,"LOVE this product! It works miracles on dry, flaky skin in the middle of winter!",True,0
P122900,Dramatically Different Moisturizing Gel,5,"I love love love this lotion. I’ve been using the Clinique 3-step regime for over 3 years and I absolutely swear by these products. The gel lotion is extremely light, but moisturizes well without being oily. Perfect in the Summer! However in the cooler months, my skin requires a bit more moisture so I either switch to the Dramatically Different Moisturizing Lotion, or add Moisture Surge to dry areas.",True,0
P122900,Dramatically Different Moisturizing Gel,5,"This moisturizing gel has never failed me. I remember my mom using this when I was in grade school (I’m 27 now) so I tried it... been a loyal user since! It’s so nice for oily skin, absorbs pretty quickly. I rarely use a foundation primer because this makes my skin so nice.",True,1
P122900,Dramatically Different Moisturizing Gel,5,"This is the first moisturizer I’ve tried that didn’t feel heavy or make me break out. I use this morning and night, and it has made my skin very soft and smooth.",True,0
P122900,Dramatically Different Moisturizing Gel,5,"I love this product from Clinique, i have pretty normal skin and just needed a moisturizer to help hydrate my skin in the morning and qt nite and this product does just that it goes on real light and smooth , it has no funny odor and gives you a cool hydrating feeling as it goes on. very happy with this moisturizer definitely recommend it.",True,0
P122900,Dramatically Different Moisturizing Gel,5,"I grabbed this product thinking it was the lotion, and I’m so glad that I did!  The gel works great with my combination skin!  It provides a ton of moisture without clogging my pores. And you can’t beat the price!",True,1
P122900,Dramatically Different Moisturizing Gel,3,"It was okay, but not that great. Felt nice to apply, but wasn’t super moisturising sook after",True,0
P122900,Dramatically Different Moisturizing Gel,5,"this product is promising (to say the very least)for once i can actually see the skin beneath my problem areas; again, another great investment.<3",True,0
P122900,Dramatically Different Moisturizing Gel,5,"I was hesitant about using gel as a moisturizer, but it works better than any facial lotion I’ve ever tried. It absorbs very quickly, doesn’t leave any shine and hydrates my skin incredibly well. My skin feels very soft for a while after I use it. I purchased the small bottle to try it out but will be upgrading soon. Another great thing is that a little goes a long way, so it lasts a while.",True,0
P122900,Dramatically Different Moisturizing Gel,5,I love this oil free gel.  It is hydrating but doesn’t feel heavy or greasy on the skin.  I use it as part of my 3 step skin care twice a day.,True,0
P122900,Dramatically Different Moisturizing Gel,5,"I have oily skin and have tried many types of moisturizers and this by far is the best! My skin looks and feels great, doesn’t make my skin shiny.",True,0
P122900,Dramatically Different Moisturizing Gel,5,"I love the fact that this is a gel. I have oily skin, so I’m always conscious of the shine effect from some moisturizers. This one keeps my skin smooth and moisturized without turning my face into an oil slick. I actually was using the Clinique 3 step acne system and the ance lotion was a bit drying. I use the gel last or sometimes instead of the lotion if I’m feeling extra dry. This is a terrific product to use under my make-up and under my primer.",True,1
P122900,Dramatically Different Moisturizing Gel,5,"I have very sensitive combination skin that is acne prone and has different needs with season changes. I have changed up my moisture routine a lot over the years and almost always at a season change. I have now been using this for over a year and my skin feels wonderful year round using it. Its light, moisturizing, and not oily at all. I finally found “the one“ my skin needs.  Best part is, I bought the 4.2 oz in March, and even with DAILY use, I’m not even 1/3 of the way through the bottle.",True,0
P122900,Dramatically Different Moisturizing Gel,5,"I have a dry/oily combination skin, and this gel works wonders. My acne has cleared with the use of this gel, and my other gals who either have oily or incredibly dry sensitive skin have reported that this has really helped. Adefinate buy:)",True,0
P122900,Dramatically Different Moisturizing Gel,5,This moisturizing gel is wonderful for oily skin. I use this daily before applying makeup and it helps to keep my make up fresh all day.,True,0
P122900,Dramatically Different Moisturizing Gel,3,I have been using this product for three years. I am currently in search of another moisturizer because it does not control my oily skin as much as I would like it to. It is perfect for sensitive skin but I am neutral about it because it feels like it does no harm or good to my skin. I am acne-prone as well and it does not cause any breakouts. When I use tretinoin or benzoyl peroxide my skin starts to pill and even after I put this moisturizer on my skin will still seem flaky and dry in those spots I put the ointment on. Overrall I do recommend for younger teens with combo/oily as a starting moisturizer product.,True,2
P122900,Dramatically Different Moisturizing Gel,5,This is the product I’d really recommend as the best moisturizer! I’ve been using it for long now and I’ve also tried something like it that I bought from the drug store and it wasn’t anything like this! Ever since I started using Clinique my skin has been so much better.,True,0
P122900,Dramatically Different Moisturizing Gel,5,"i randomly came upon this product while searching for a hydrating moisturizer for my oily skin. it honestly has a really nice texture; it’s not greasy and glides on beautifully on my skin and does keep my skin plump and moisturized without the overly oily/greasy feel. i have really oily, acne prone skin and this doesn’t break me out. it also lasts for quite while too. i would definitely buy it again :)",True,2
P122900,Dramatically Different Moisturizing Gel,5,"I have combination oily skin and this product is great! I use it as part of the 3-step system and it soothes the skin after toning. It doesn’t leave my skin oily and absorbs quickly. Best of all, the large size has a pump that controls the amount that comes out. One pump usually does the trick for me. Best product for your money.",True,0
P122900,Dramatically Different Moisturizing Gel,5,"I have very oily skin and resisted trying this product again after initially using the Dramatically Different Moisturizing Lotion about 20 years ago. But Clinique has always priced their products decently, so on a whim I picked up the travel size of this while standing in line one day. The timing was perfect. I was looking for something that would moisturize my face without contributing to the oil production and this gel is definitely it, plus the price tag was just right. I use it morning and night after washing my face with a cleanser and it gives me just enough moisture to keep my skin soft without looking like an oil slick. I can even wake up in the morning and put off washing my face for a few hours if I happen to be lounging around the house. Before, I would get that nasty grimy feeling from the oil building up. Yuck! Kudos to Sephora for choosing their impulse buy products so well, and congratulations to Clinique for coming up with a moisturizer that works so well for oily skin!",True,5
P122900,Dramatically Different Moisturizing Gel,4,best face cream for my oily acne prone skin!!!,True,0
P122900,Dramatically Different Moisturizing Gel,4,"I really like this product for my sensitive, acne prone skin. I just wish it had an SPF in it to protect.",True,0
P122900,Dramatically Different Moisturizing Gel,5,"I’ve been loyal to this moisturizer gel since I was in middle school... And now I’m a sophomore in college. I have combo oily and dry skin...this moisturizer is the most refreshing thing to ever put on my face. It absorbs within seconds and feels as if you’ve applied nothing, but it makes your skin noticeably smoother and less oily!!! Love love",True,0
P122900,Dramatically Different Moisturizing Gel,5,"I have combination skin and I used to use the lotion version but I didn’t like the new formula (it left my skin super greasy, heavy and prone to breakouts). I’m very glad I gave the gel a chance. I’ve only been using it for about a week and I’ve noticed my skin is no longer oily and the redness I used to have is now gone. The only down side is it isn’t moisturizing around my cheekbones so I have to use a little more there. Otherwise it’s a great product.",True,1
P122900,Dramatically Different Moisturizing Gel,5,"texture of moisturizer is excellent....may need to layer it a bit over drier areas during colder months. Overall, one of the best I’ve tried...",True,0
P122900,Dramatically Different Moisturizing Gel,4,Best for oily skin. If you have some really dry patches it won’t help.,True,0
P122900,Dramatically Different Moisturizing Gel,5,"I’ve been using Clinique for years and have always loved the three step facial cleansing products. The moisturizing gel is perfect for my complicated skin type (combination) because it moisturizes the dry areas without making the rest of my face feel like a grease pit. If you have dry skin, stick with the moisturizing LOTION instead.",True,0
P122900,Dramatically Different Moisturizing Gel,5,Best moisturizer ever. Love the gel texture - soaks right into my skin and you can really your skin “drinking“ it up persay. I wear this alone and under my makeup and have noticed a dramatic different within a week. My skin is so much softer and luminous. This is a must buy.,True,1
P122900,Dramatically Different Moisturizing Gel,5,Definitely a great moisturizer for spring and summer. Leave your skin smooth and oil-free.,True,5
P122900,Dramatically Different Moisturizing Gel,5,"I really like this moisturizer for using under the make up. It is lightweight, provides good hydration and makeup applies great on top of it. It is not going to improve your skin or work some magic on your pores and dark spots, it is just a nice daytime moisturizer, that’s all. I usually buy it on sale and standard size 125ml lasts me all year.",True,5
P122900,Dramatically Different Moisturizing Gel,5,I’ve tried other moisturizers (super high end to drugstore) and this is the one I always go back to. I’ve used it everyday for almost a year and it never fails to hydrate my skin but not leave it super oily or greasy. lovelovelove,True,0
P122900,Dramatically Different Moisturizing Gel,4,I have oily/combination skin and finding a moisturizer has proven difficult. I bought this the other day at a friends recommendation. I applied in the evening before bed. Normally my skin will be a bit oily when I wake up but I was suprised by how soft my skin felt with no excess oil. I’m looking forward to seeing how this product effects my skin clarity/condition over the course of time.,True,0
P122900,Dramatically Different Moisturizing Gel,5,"I cannot get enough of this moisturizer. I can’t believe how fast it absorbs into my skin. I am a little oily in the T-zone and this moisturizer doesn’t at all add to the shiny-ness. I love how my face looks when I use this;and, I wish they would put an SPF into this product. This is one of my favorite Clinque items.",True,0
P122900,Dramatically Different Moisturizing Gel,2,I tried these a few years back with the 3-step system but wasnt really impressed. I decided to try it again recently and didn’t see anything too amazing with it. It is a good basic moisturizer for quick hydration but doesnt provide any long term help.,True,0
P122900,Dramatically Different Moisturizing Gel,4,"I like this moisturizer. It does not break me out and the formula is lightweight like it states in the description. It absorbs fairly quickly and moisturizes well. It doesn’t make me less oily, but it is summer so I don’t expect it to stop that!",True,1
P122900,Dramatically Different Moisturizing Gel,4,This product has helped with my oiliness in that it is more under control and not as problematic.,True,0
P122900,Dramatically Different Moisturizing Gel,5,I love this product! Its great and moisturizes my skin wonderfully!:) all I have to say is that the gel is better and I have tried both the gel and the lotion( ps I have combination skin),True,0
P122900,Dramatically Different Moisturizing Gel,3,"Every time I used this it caused minor breakouts.. I wanted to like this but no. It is very lightweight but something in it, my skin doesn’t agree with. I also didn’t find it as moisturizing as I would’ve liked. Will probably still finish the bottle since I paid for it , but wouldn’t repurchase",True,0
P122900,Dramatically Different Moisturizing Gel,5,This stuff is amazing. I have combination skin that tends to get oily as the day goes on. This product keeps me moisturized and keeps me balanced. It stands up to my harsh acne treatments and keeps me soft and not oily.,True,0
P122900,Dramatically Different Moisturizing Gel,4,"I’ve used a lot of really expensive moisturizers, but this one is really great. It’s so lightweight, doesn’t have a strong smell and works well on my combination skin. If only there was SPF in it!",True,0
P122900,Dramatically Different Moisturizing Gel,5,"Been trying this out for the past month or so and I love it. I use it day and night and it helps keep my dry-combination skin matte. Sometimes I do use a bit more than usual because I feel like it does dry my face out a bit, so I just add a little more and it works. If you have oily or combo skin it’s a must, but if you have dry/combo skin you might need a little bit more.",True,0
P122900,Dramatically Different Moisturizing Gel,4,I have combination skin and I have been pleased with this moisturizer. It hasn’t caused breakouts or increased oiliness in my T zone.,True,0
P122900,Dramatically Different Moisturizing Gel,5,"This works very well for oily/combination skin, though it would likely be drying for dryer skin. On my dry areas (forehead, jawbone) I may dab a little DD lotion, but the gel works just fine alone. I would buy this again.",True,0
P248407,Ultra Repair Cream Intense Hydration,1,"I was hoping this would cure my dry skin and acne combo. It did not help with dryness at all. If anything I had to layer more creams overtop just to not feel any tightness in my cheeks, nose, and forehead. It also seems to clog my pores. I stopped using it on my face and now use it on my body so that I can finish the tub I bought.",True,6
P248407,Ultra Repair Cream Intense Hydration,5,i have really dry cracked skin that has even started causing me premature wrinkles (at only 20 yrs old!) and have been looking for an intensive moisturizer. ive tried tried many moisturizers for dry skin that claim not to clog pores but due to my sensitive skin this is the first one thats actually worked without making me break out or irritating my skin. it is rich andd creamy but lightweight and not greasy at all and leaves my skin softer and healthier than ever!,True,1
P248407,Ultra Repair Cream Intense Hydration,5,"I think this is the best lotion I have ever used, definitely worth the price.",True,2
P248407,Ultra Repair Cream Intense Hydration,5,"Wow! This cream is amazing. After searching everywhere drugstores, Bath and Body Works, Department stores.. I finally found something that deeply moisturizes my skin. It is light enough to use on my face doesn’t clog my pores, and it’s heavy enough to put on my body. I love this!",True,0
P248407,Ultra Repair Cream Intense Hydration,5,"If you have eczema, RUSH OUT and buy this lotion. After the first use, my skin felt better. After the first week, I was only feverishly scratching my eczema patch once a day instead of ten times a day. After 2 weeks, I was no longer scratching but my patch was still noticeable. After one month, my patch is completely gone. The lotion does have an odd odor but it doesn’t linger. This is the only lotion which has ever cleared up my eczema.",True,3
P248407,Ultra Repair Cream Intense Hydration,5,"I have acne and lots of scars and my skin is reddish.It is not like I like the smell 100% but it is ok. (it is better thanphilosophy one) It calms my skin, make is less redI apply this on my body as well",True,7
P248407,Ultra Repair Cream Intense Hydration,5,"My favorite. Gives moisturize without leaving me greasy, goes great under the skin and is so gentle on my skin. I struggle with really dry skin (might even be developing eczema?) I put this on wherever my skin is dry and irritated in my body and it relives any kind of itchiness. I’ve repurchased maybe about 5 times. My boyfriend even has his own jar of this and he loves it, especially after shaving.",True,1
P248407,Ultra Repair Cream Intense Hydration,5,"I got this in a holiday gift set so I figured: eh it doesn’t irritate my skin so I’ll give it a shot. This is BY FAR my new fave moisturizer! The first pic is my face at work: you can see my eczema is screaming at me. It was super irritated and awful. The second was after ONE USE of this stuff: no itchiness and so much relief all at once. I don’t even have to use that much of the product! Trust me, if you’re going to invest in a moisturizer and you have dry skin and eczema, this is BY FAR one of the best.",True,34
P248407,Ultra Repair Cream Intense Hydration,5,"Just the right amount of moisture for my skin. Very light weight, never oily.",True,0
P248407,Ultra Repair Cream Intense Hydration,5,I can’t say enough good things about this product. I have been using in conjunction with the anti redness and my skin look great. It goes on smoothly and I look almost “dewy“ something that hadn’t happend in years! I highly recommend.,True,2
P248407,Ultra Repair Cream Intense Hydration,4,LIght and non-greasya little goes a long way. I use on my face but squeeze a little extra and use on my hands as well.Love it,True,0
P248407,Ultra Repair Cream Intense Hydration,5,"i have sensitive skin and every moisturizer breaks me out. even though i have combination skin, this winter has left my skin flaky at times and this has helped without breaking me out!!! it’s very soothing without being greasy. thumbs up!",True,2
P248407,Ultra Repair Cream Intense Hydration,5,"I decided to buy a full sized jar of this after trying a sample from Sephora. This is a great facial moisturizer for my combo, breakout prone skin. My face gets drier in the winter months and I needed to find something more moisturizing than my regular moisturizer...this fits the bill. And the tub is large for the price. V.happy w/this product.",True,1
P248407,Ultra Repair Cream Intense Hydration,5,I really love this product because it hydrates my face amazingly and totally natural.,True,0
P248407,Ultra Repair Cream Intense Hydration,4,I love this cream for my body and even neck! I love that it has no scent so it won’t ever compete with any perfume I may put on. The only drawback I found is that it claims it can go even on your face but it breaks my face out in a weird bubble rash so I can’t use it there. That’s ok cause I still love to use it everywhere else. Nice hydration and no stickiness afterwards!,True,2
P248407,Ultra Repair Cream Intense Hydration,5,I can’t believe I didn’t find this sooner. It completely saves my dry acne-prone skin. I’ve been using a topical treatment and one of the side effects is peeling and of course irritation. I’ve been using this cream over it and have found that it basically stops any bad side effects and I’ve had barely any peeling! Plus it doesn’t make me break out like most lotions. I highly recommend!,True,1
P248407,Ultra Repair Cream Intense Hydration,3,"I’m really upset about my experience with this moisturizer. Back in April of last year, I bought this moisturizer and had the most wonderful experience. It lasted me a very long time as a little always went a long way. After the first batch though, I went to Sephora and bought more and the next day when I put it on my face, my skin no longer liked the product(maybe the second batch was a bad batch) which I found very odd. It feels like my face gets very tight and feels dry and gets very red. I thought maybe I damaged my skin in some way and it was just not working with my skin. However after about 3 months of not using the product, I went back. It still caused a lot of redness, makes my face feel tight and it feels dry. Overall thought the experience was good to begin with but I’m honestly not sure why my skin no longer likes it. I would recommend this product still as I know it works with most people’s skin. Just disappointed in my own experience:(",True,9
P248407,Ultra Repair Cream Intense Hydration,1,"I do not have acne prone skin, but this made me break out terribly all over in just a week of use on my face.  I would not recommend for a face moisturizer.  I only bought because it was more affordable than what I typically use.  No other face moisturizers have caused breakout issues so I’m not sure what the problem ingredient was or if it was too heavy for the face.",True,5
P248407,Ultra Repair Cream Intense Hydration,4,"This soothing, fragrance-free & easily penetraing cream was just the ticket for my parched, patchy winter skin. It’s a roomy jar & a little goes a long way, but it’s all-purpose & a delightful product to have in one’s dry skin arsenal. I love it.",True,0
P248407,Ultra Repair Cream Intense Hydration,5,"On my 2nd jar and have the mini size. I love how hydrating this is, I started using this when i went on accutane (acne medicine) and it made my skin so dry. After i started using this my skin felt so hydrated",True,0
P248407,Ultra Repair Cream Intense Hydration,5,"I may have already written a review for this cream but it is so good, I’ll write another. I have a tendency of picking at the clogged pores on my face which causes dry damaged skin. My solution is to glob this cream on at night (yes, I said glob, not light layer). It is so amazing at healing skin. If you have flaky dry skin, layer this stuff on thick before bed.",True,0
P248407,Ultra Repair Cream Intense Hydration,4,"I just bought this a week ago. I usually use Philosophy hope in a jar and I love it. I wanted to try this because of the price. It’s thick and creamy. It makes my skin feel great! It made it very soft. The only thing I don’t like is that it takes a while for it to absorb. My hope in a jar absorbs immediately, but this takes 5-10 minutes before you can put makeup on. I decided it is better to use it at night. All in all, I like the results it gives so I will be keeping it because the price is worth it.",True,1
P248407,Ultra Repair Cream Intense Hydration,5,"I love this moisturizer. It dealt with the dry, flaky skin on my nose and forehead without causing breakouts. It’s highly moisturizing but lightweight, and the jar is huge. Favorite!",True,0
P248407,Ultra Repair Cream Intense Hydration,1,"I held off writing a review for a year so that I could test the product thoroughly. I originally purchased this after reading all the raving reviews, and I really wanted to love this as much as everyone else said they did. However, I was left disappointed each time I used it. To start off, as there are no added fragrances to cover up its underlying scent, it smells of strange chemical/plastic scent, which takes getting used to. As a moisturizer, it’s not moisturizing whatsoever. This product left my skin just as dry and flaky in the winter as it did in the summer. Furthermore, when rubbing the product into your skin, it would always flake up. Definitely don’t put this on in the morning, as the flaking makes makeup application troublesome. On the bright side, it did not break out my sensitive skin - however, it did absolutely nothing for it either, other than leave flaky residue. All in all, a terrible product that I would not recommend for anyone.",True,9
P248407,Ultra Repair Cream Intense Hydration,5,This is the only product that completely erase the dry patches I get during the winter. It is a must have for me. Great product,True,0
P248407,Ultra Repair Cream Intense Hydration,5,I use this moisturizer as an eye cream. I already have my tatcha moisturizer and my innisfree sunscreen to go along with it. I use my cetaphil cleanser to start out. This is a really great moisturizer and one of the best in the league. I never want to get rid of it. This is my forever friend. I have been using it for 3 years and counting.,True,10
P248407,Ultra Repair Cream Intense Hydration,4,"Like many of us, my skin got super dry this winter and this was one of the few moisturizers that zapped the dry skin on my body. As odd as it sounds, I still get really dry on my sides under my bra and this is perfect to use in that area because it isn’t greasy. Unfortunately, it burned like crazy when I tried to use it on my face so I’m taking a star off. I don’t like the medicinal smell but it goes away after a few minutes. I am purchasing my third tub of the stuff.",True,0
P248407,Ultra Repair Cream Intense Hydration,1,"I got this as a sample and I was glad because I’d been wanting to try it because of the reviews. Glad I got the sample and didn’t purchase this because I only used it once and it made me breakout, and it took a week for my skin to clear up. It felt sticky like it never completely dried, I hate that sticky feeling and moisturizers that leave a residue.",True,3
P248407,Ultra Repair Cream Intense Hydration,5,"I have extremely sensitive, acne-prone, combination skin. I had been using this for a while for dry winter hands but gave it a shot for use on my face and I’ve never looked back. This has been my night cream for years and it’s the best I’ve ever used. Calms irritation, doesn’t break me out, intensely moisturizing. After moving to the desert from the Pacific Northwest I’ve started using this as my day cream as well and I couldn’t be happier. The big tube lasts me at least 6 months. Buy the big tube! Your wallet and skin will thank you.",True,7
P248407,Ultra Repair Cream Intense Hydration,5,Holy grail product! I’ve been using this moisturizer for so long and have never had any problems with it causing breakouts or anything. The best!,True,0
P248407,Ultra Repair Cream Intense Hydration,4,"I like this cream as a final layer after I apply my night time retinoid. I also use it on my décolletage. It’s a rich but not oily cream. It stays tacky for a while after application, so it’s night time only for me.",True,3
P248407,Ultra Repair Cream Intense Hydration,1,"I really wanted to love this product, but unfortunately I didn’t. It did not relieve my dry skin at all and it caused me to break out pretty severely. My face has not broken out like this in years.",True,12
P248407,Ultra Repair Cream Intense Hydration,5,"My skin (face) got very dry as cold winter weather set in and yet I was breaking out at the same, I was feeling totally irritated. But I had gotten a sample of this stuff, so I tried it and it made my skin feel better immediately. I bought a tube and I pile it on before go running outdoors. And I love that it doesn’t have parabens in it.",True,0
P248407,Ultra Repair Cream Intense Hydration,5,"This is my absolutel favourite product. So super absorbing, intensive and moisturizing. I love putting on every day, it makes my skin so soft. I have found nothing that compares. I feel like it saved my skin.",True,0
P248407,Ultra Repair Cream Intense Hydration,4,I have very dry hands almost year round. I wash my hands alot because I have young kids and I’m a cake decorator. I’m not fond of the smell but it leaves my hands feeling smooth without it feeling greasy or sticky.,True,2
P248407,Ultra Repair Cream Intense Hydration,5,"This is my go to winter product. I’ve used it the last two winters and ready to purchase more when the weather starts cooling down again. I have oily acne prone skin that is very troublesome in the winter because it gets very dry and flaky while still turning greasy very quick. How lucky of me. Because of this some moisturizers leaves my skin burning after applying. The ultra repair cream doesn’t. First reason I’m so in love with it. Second, it is very moisturizing. I apply at night only so I don’t look like a total grease ball during the day. It also absorbs fairly quickly, very lightly scented, and a little goes a long way. I use this mainly on my face and haven’t experienced break out or clogged pores. This is going to be my third winter with this product and I can’t go without it now that I discovered it. Only thing that would make this better is to have the option of purchasing the larger sized in a tube.",True,2
P248407,Ultra Repair Cream Intense Hydration,2,"My skin is very dry and rarely breaks out at all. My biggest challenging is finding cream that actually does the trick. This is added to my list of failures - it feels fairly thick to the touch, if even slightly greasy - but then is thin when you rub it in. About 5 minutes later, if feels like you never put cream on. To top it off, ever since I’ve been using, my skin has broken out a couple of times. I’m going to toss it.",True,8
P248407,Ultra Repair Cream Intense Hydration,5,I slather this on my face at the end of my routine. Perfect for dry skin.,True,0
P248407,Ultra Repair Cream Intense Hydration,5,I have psoriasis on my fingers and have used 4 prescription medications that have not worked. The cracking and bleeding was not only painful but left my fingers feeling numb and unusable. Got a sample of this with my Sephora package and after using it twice felt a difference so ordered the full size product. Since receiving it (and ordering two more jars) I haven’t had any cracking and the skin has returned to it’s normal color. Although I can still see some scaly spots my hands feel wonderful again. GREAT PRODUCT!!!,True,1
P248407,Ultra Repair Cream Intense Hydration,5,I love this product! It makes my skin so soft. My whole family uses this. I like this more than the tube!,True,1
P248407,Ultra Repair Cream Intense Hydration,5,"I have never used such a soothing, moisturing cream. I use it daily after my shower on my driest areas. Nightly I apply it to my hands. I see a remarkable improvement in these areas. Even my cuticles and nails look better than they have in years. It is creamy with a light pleasant scent that disappears quickly. I have tried countless creams that never lived up to their descriptions. I am amazed and thrilled at the improvement I have seen after using this for a week. I bought a second jar so I could keep one in the bathroom and by my bed.",True,2
P248407,Ultra Repair Cream Intense Hydration,5,Great product.Instant relief to skin even overworked skin like from laser hair removal or electronic wrinkle remover. Highly recommend.,True,0
P248407,Ultra Repair Cream Intense Hydration,5,"I have a REALLY red nose, not like faint pink when most girls say their face is red, but the worst sunburn you’ve had red. I’ve tried a lot of drugstore like garnier and aveeno, and lux products like tacha and clinique trying to help and nothing really did. My nose also gets really flaky as well but using purely moisturizing products just made my skin greasy. With some research i found this brand and decided to give it a shot. I got a value kit that had the Face Cleanser, Ultra Repair Cream and the Dry Hemp Oil (all first aid beauty) and it has been a live saver! Best thing I’ve ever tried. Doesn’t break me out (I also got the acne spot treatment gel and it works like a charm!), doesn’t feel greasy, my skin absorbs it immediately and my nose hasn’t been this calm in years! Even if you don’t have rosasea, eczema or anything like that its a great line of products! Will only be using products from this brand from now on! +Its all made in the USA!",True,6
P248407,Ultra Repair Cream Intense Hydration,1,"I really wanted to love this product but, it made me break out all over my forehead. Also, I didn’t really see the difference in regards to hydration. Sticking to my regular moisturizer.",True,4
P248407,Ultra Repair Cream Intense Hydration,1,"As an adult I have had spot acne at worst. This cream gave me one of the largest breakouts of my adult life. Stopped using this, and a day later my skin looked significantly better. Threw away.",True,6
P248407,Ultra Repair Cream Intense Hydration,5,"This is the BEST moisturizer I’ve found. Living in such a dry state, I developed eczema. This is the only product that has worked-- and it’s completely healed my dry spots. It’s not oily or too much-- it’s light enough I can wear it during the day under my make up as well as night time without clogging my pores. I am so, so happy to have found this line because it’s been a lifesaver.",True,0
P248407,Ultra Repair Cream Intense Hydration,5,I got this for Christmas from my daughter i got the set. I wear this after I wash my face in the morning and night.  I wake up with my skin feeling soft and I love it,True,0
P248407,Ultra Repair Cream Intense Hydration,5,"This is an amazing product.  This winter my normally oily, aging skin changed into extremely dry and irritated.  It was dry and red in spots.  Not good!  I tried this and it provided instant relief.  I use this with the FAB intense hydration serum and my skin looks better than ever.  Super balanced and calm.",True,0
P248407,Ultra Repair Cream Intense Hydration,5,"Love this moisturizer! Leaves my skin feeling hydrated, but not too heavy. I am able to use it morning and night, even under makeup l.",True,0
P248407,Ultra Repair Cream Intense Hydration,4,"I have acne prone, sensitive, dry skin and this product seemed to work very well with my skin! The product doesn’t just sit on the skin but it sinks into the skin. I still feel like it could be a little more moisturizing because sometimes my skin is worse in the winter",True,0
P427411,Azelaic Acid 10% Suspension Brightening Cream,1,Did not work for me. Nice feel; a little thick. Made my skin break out and become bumpy and itchy. I was really hoping for better.,True,4
P427411,Azelaic Acid 10% Suspension Brightening Cream,5,omg this clearer the texture on my forehead literally overnight. I’ve been looking for something that would help with this for so long!!! Definitely recommend if u have small bumps or texture on ur skin!,True,13
P427411,Azelaic Acid 10% Suspension Brightening Cream,4,"I LOVE this stuff. I have extremely acne prone skin, and I’m oilier than pretty much anyone (not “oh no my face gets kind of shiny“ oily, I’m talking “I have to use medication to control this“ oily) so it’s hard to find stuff that doesn’t make me feel even greasier. This stuff, though, is so nice that I replaced my regular moisturizer with it. It goes on matte and feels a lot like primer, very light and smooth. It doesn’t sting or dry my skin.I’m not sure if I’d recommend it as a moisturizer for people with more “regular“ skin, but if you’re a next level oilslick like me, drop your moisturizer for a bit and try this instead. The only reason I gave it four stars was because the bottle is so teeny tiny. I’d love a larger value option of this stuff so I don’t have to resort to buying two bottles at a time.",True,13
P427411,Azelaic Acid 10% Suspension Brightening Cream,4,Helps even out my discoloration .,True,0
P427411,Azelaic Acid 10% Suspension Brightening Cream,4,"Used in combination with the Alpha Arbutin, this has helped with skin texture and lightening discoloration.  I also really like the texture, but it doesn’t play well when layering with oils.",True,0
P427411,Azelaic Acid 10% Suspension Brightening Cream,5,Really helped to lighten hyperpigmentation! Do not mix with other acids.,True,6
P427411,Azelaic Acid 10% Suspension Brightening Cream,5,"I swear by this. It’s perfect for oily skin and helps to smooth out pores and fine lines. VERY MATTIFYING. It is a bit drying, so I recommend only using it in only spots like forehead, chin, and nose. Peas sized amount people! If you use too much/too thick it can give you a white cast if it’s not blended well",True,5
P427411,Azelaic Acid 10% Suspension Brightening Cream,5,First impressions are mind blowing. In literally less than a week I’ve seen a smoothening effect on my skin and a little brightening. The wearability is amazing because it’s really  matifying. I haven’t used it long enough to comment on its true lightening ability though.,True,5
P427411,Azelaic Acid 10% Suspension Brightening Cream,5,"I love this product. Evens out skin color, makes it smoother, removes pigmentation and rashes. Minimum product consumption, enough for a long time.",True,0
P427411,Azelaic Acid 10% Suspension Brightening Cream,5,"This product helps reduce redness, even tone, and clear my skin. Can’t say enough good things.",True,1
P427411,Azelaic Acid 10% Suspension Brightening Cream,5,This and the niacinamide serum helped SOOOO much with the acne under my skin that I THOUGHT was just hyper pigmentation. So glad I took a chance on this.,True,234
P427411,Azelaic Acid 10% Suspension Brightening Cream,5,My acne has been the clearest its ever been in 3 years. I’m shocked. I bought this impulsively and have no regrets. I can’t even believe it worked.,True,9
P427411,Azelaic Acid 10% Suspension Brightening Cream,5,Helps so much with the redness and bumps associated with rosacea. No negative reactions. I use it every night but start slowly as it is an acid. Highly recommend.,True,5
P427411,Azelaic Acid 10% Suspension Brightening Cream,5,"Seriously, give this stuff a try. Azelaic acid is the ONLY product I’ve ever tried that stops blemishes in their tracks without causing irritation. The texture is pretty thick but very spreadable so it can be used sparingly-- a tube lasts me a very long time.  Because of its consistency I tend to use this after water-based and more lightweight products in my skincare regimen.  It’s non-greasy and has a smooth finish once dry, and I haven’t had any problems with pilling when applying foundation or other makeup on top of this.",True,12
P427411,Azelaic Acid 10% Suspension Brightening Cream,5,"This is amazing! I’ve been dealing with hormonal and stress break outs for a year. I’ve tried everything from hydrafacials, facials, peels, and expensive skin care like ZO. Nothing has been able to help control the acne and i was left with a lot of acne spots. After one use of this I saw major improvement in redness and texture. I’ve been using it morning and night for about a week now and it’s fading my acne spots so much and it is controlling my breakouts!! I’ve never used anything that worked so well and SO fast! I’m sad it’s always out of stock but there’s a reason for that!!",True,21
P427411,Azelaic Acid 10% Suspension Brightening Cream,5,"I was looking for an alternative option to vitamin C that would help brighten up my skin, and I fell in love with this product. It’s so much less finicky than vitamin C products and the results are amazing. When I use this my skin texture is immediately improved, and my skin always looks brighter the next day. The consistency is a little odd to work with because it’s a suspension formula, but don’t give up on it! I personally use this after exfoliating my skin, and I apply a pea sized amount in my t-zone. You have to give it a minute to sink into your skin or it will pill up with the next product. This product is totally worth it and I will be repurchasing again and again!",True,14
P427411,Azelaic Acid 10% Suspension Brightening Cream,5,I definitely saw an immediate difference to my skin brightness and dark marks once I started using this. Substantial improvement with continued use. I use it at night with Tretinoin and they work well together. I will buy the bigger one next time.,True,4
P427411,Azelaic Acid 10% Suspension Brightening Cream,5,Love this product I have oily acne prone skin and this has helped me with my acne and my scars. I’ve noticed since using this my acne scars have been slowly fading away while I no longer suffer that much with acne. I have super oily skin and I like using this as my moisturizer. I’ve noticed when I would come home after my 10 hour shift my skin would not be as oily as it should be which is really nice since my jobs non existing air conditioning tends to cause me to sweat / become oily. the only downside of this product is that I don’t like having to squeeze out the product I prefer it being a pump.,True,7
P427411,Azelaic Acid 10% Suspension Brightening Cream,1,"I was giving it so much hope after reading the good reviews, but ended up breaking out terriblely after using it . in order to convince myself, I did a comparison with half of the small zits covered and another half not covered with it and I tried three times. everytime the half with it had terrible break out that took me couple weeks to get through. oh boy I hate it so much!",True,11
P427411,Azelaic Acid 10% Suspension Brightening Cream,3,I bought this because it’s always sold out and the good reviews outweighed the bad.  I also use the buffet serum.  I had to stop using this because it was breaking me out in weird random spots and it wasn’t pimples that pop I’m not sure what bumps they were.  It says no silicone but on application it feels like a primer filled with silicone.,True,3
P427411,Azelaic Acid 10% Suspension Brightening Cream,5,I have definitely noticed a difference in the texture of my skin since I started using this!,True,6
P427411,Azelaic Acid 10% Suspension Brightening Cream,5,"it’s amazing, but it suits my skin very well.  my skin is very sensitive with constant rashes, and with this cream, almost all redness disappeared",True,3
P427411,Azelaic Acid 10% Suspension Brightening Cream,5,"My skin has been really irritated the past couple of months (acne, oiliness, uneven skin tone), and after using this every night for the past month I’ve seen such a difference in my skin. I cleanse, put on toner, and then put this on all over and I’m done. The price point is excellent too.",True,0
P427411,Azelaic Acid 10% Suspension Brightening Cream,5,"I have mild rosacea but the redness on my cheeks was driving me crazy. I want to be able to use Retinol snd Buffet because I’m 47, but because of my sensitive skin they were causing some redness. Azelaic acid really helped with this. I use it every morning under moisturizer. I still had a little bit of redness-but so much less. My next step was mixing the retinol and Buffet with moisturizer. Redness virtually gone, unless I study my face in the mirror looking for it, which I tend to do. I feel like I am getting all the benefits from these three products without any side effects.",True,23
P427411,Azelaic Acid 10% Suspension Brightening Cream,5,"Absorbs into skin perfectly and has helped me keep my skin clear for weeks now, love this ♡",True,0
P427411,Azelaic Acid 10% Suspension Brightening Cream,5,"I recommend this !! I use it on my chin , nose , forehead especially it helps with the texture on my skin it helps so much I don’t even use a lot I only use a pea size",True,6
P427411,Azelaic Acid 10% Suspension Brightening Cream,5,"I have been using Azelaic Acid for about 8 months now and was overjoyed they finally made a larger size, as I was always buying 3 of the smaller size at a time just to make sure I never ran out of it. It is an excellent product for keeping your skin tone even and making sure your skin barrier is in great shape. I bought it to go the extra mile after what niacinamide could do for me was done, this just goes that much further. I love the way my skin feels so silky after using this. If you are looking for dewey looking skin, be aware this will not give you that look, it  leaves you very matte, which is exactly what I want, but your skin is so soft and healthy!",True,5
P427411,Azelaic Acid 10% Suspension Brightening Cream,5,A little goes a long way!!!  Absolutely helped lighten my hyperpigmentation. I would use a niacidamide serum mixed with this at night for the best results!,True,18
P427411,Azelaic Acid 10% Suspension Brightening Cream,5,"Great for breakouts and lightening post acne marks! It’s not a harsh product which is nice! Has a good consistency, smells slight weird but is easy to ignore! For the price it’s amazing!",True,14
P427411,Azelaic Acid 10% Suspension Brightening Cream,5,"Great product it helps with redness from acne and calms them down, works really well on sensitive skin!",True,9
P427411,Azelaic Acid 10% Suspension Brightening Cream,2,"It just didn’t do anything I could tell. Not bad either, just nothing good, was really hoping it would help my rosacea.",True,1
P427411,Azelaic Acid 10% Suspension Brightening Cream,5,"My favorite in The Ordinary, I always buy it. It’s the final for my morning routine, leaves my skin super soft!",True,1
P427411,Azelaic Acid 10% Suspension Brightening Cream,1,"Okay so this is NOT A CLEANSER! I bought this in February, and I thought it was a cleanser. I kept using it like that and wondering why it wasn’t washing my face properly. I might be an idiot, but it doesn’t give proper instructions. I’m going to start using it night after my skincare routine and see if I get any results. So far nothing has changed as far as my hyperpigmentation and adult acne. Oh, and it has a really medicinal smell. Do not get it in your mouth on accident...",True,25
P427411,Azelaic Acid 10% Suspension Brightening Cream,1,has a matte finish and pills. tried to put a facial oil on top but didnt help.,True,3
P427411,Azelaic Acid 10% Suspension Brightening Cream,4,"My first thought when i got this product: my mouth literally dropped open because i was upset with how much i could squeeze the tube, and still nothing really came out. BUT... i am glad I got this product. I’ve used this almost everyday for a month all over my face and haven’t had to buy more yet. DEFINITELY helped reduce a lot of redness, nights when I would pick at my acne and then get upset because I was sure I would then wake up with a horribly inflamed face with even more zits, I didn’t! I would wake up to a mostly smooth face with NO redness at all, and more pimples didn’t pop up either! Works in a good time, no smell, little bit weird of a consistency but you get past it, nice feel on the face, and more is not more with this product (it will just roll off on your fingers after awhile and it doesn’t effect the results anymore than using a regular amount) Wellllll worth the price, i just wish I could buy the product just like this, but a higher percentage of the chemical to speed and amplify the process, but I’ll keep this in the mean time for sure.",True,22
P427411,Azelaic Acid 10% Suspension Brightening Cream,5,"I’ve tried about 7 The Ordinary products and this is my favorite for uneven texture! It does pill after application, but you can get around that by applying as little as you need. Also, I was told in a skincare group that this can be applied after moisturizer (and before sunscreen if used in the AM) because it’s silicone based. I’ve found that this helps with pilling too!",True,1
P427411,Azelaic Acid 10% Suspension Brightening Cream,5,I have really sensitive skin and was going through a really rough period and decided to try this out. My skin was purging at first but after my skin was the smoothest and clearest it’s ever been!!,True,7
P427411,Azelaic Acid 10% Suspension Brightening Cream,5,"If you have rosacea, you need this product! My dermatologist actually recommended the ordinary and for the price, it is AMAZING! I use it twice a day and it has saved my skin!",True,17
P427411,Azelaic Acid 10% Suspension Brightening Cream,1,Is this not for your face? The acid is very drying and leaves my skin feeling tight and irritated.,True,4
P427411,Azelaic Acid 10% Suspension Brightening Cream,5,"I have almost the entire line from The Ordinary but this has been one of the most impressive so far. I used it on my chin for the past few nights where I break out in hormonal acne every month and it seems to have stopped this breakout in it’s tracks and I’ve had a huge cystic pimple for 3 weeks now and this is the only thing that reduced the size significantly. My scarring and skin texture look better too. For reference, I use this with the Hyaluronic Acid   B5 for added moisture after using the glycolic toner and alternate with other products in the line on other nights but this is one of my favorites.",True,16
P427411,Azelaic Acid 10% Suspension Brightening Cream,1,This broke me out really badly. Apparently there is a “purging period” that can be 6-8 weeks according to the internet... seems like that is not worth the supposed benefits. Will stick to the niacinamide serum which has great results and doesn’t cause acne,True,1
P427411,Azelaic Acid 10% Suspension Brightening Cream,2,"I don’t like how it pills every time I put anything and everything on after. Even if I were to pat product on (moisturizer, spf, face oil), nothing will “play nice” with this product. I tried waiting in between applying different products and changing the order applying. Not sure if I will buy again because of this.",True,10
P427411,Azelaic Acid 10% Suspension Brightening Cream,5,I searched for years and tried many different products to help even my skin tone and prevent breakouts.  None of them worked until this one!  I noticed immediate improvement in the clarity and evenness of my skin.,True,7
P427411,Azelaic Acid 10% Suspension Brightening Cream,2,I had bad cystic acne 2 years ago after pregnancy  and have been using this to get rid of my scars . I have been using this religiously for 7 months now and my spots have not faded I’m so sad I loveD applying this . Side note:  is that it did keep me front any further breakouts.,True,8
P427411,Azelaic Acid 10% Suspension Brightening Cream,5,"After 1 week of use, the pregnancy acne, bumps, and redness I’ve been struggling with for months are nearly gone. Yesterday my husband said I’ve got the “glow”! I apply two pea-sized amounts all over my face after using a glycolic acid face wash and before an oil-free unscented moisturizer, and have not experienced any pilling or other side effects.",True,17
P427411,Azelaic Acid 10% Suspension Brightening Cream,5,absolutely love this product. great for brightening and has been proven to be just as effective for controlling acne as benzoyl peroxide. definitely would recommend.,True,0
P427411,Azelaic Acid 10% Suspension Brightening Cream,5,Game changer! The texture of my skin is baby soft.,True,1
P427411,Azelaic Acid 10% Suspension Brightening Cream,5,"I’ve been using this product for 2 days now and I can feel the difference on my face ! I love it, my face is glowing ❤️",True,4
P427411,Azelaic Acid 10% Suspension Brightening Cream,5,"As this is an acid, I would recommend to only use this at night as it can make your skin more sun sensitive and wearing sunscreen during the day. With that, this works SO WELL. Make sure your skin is fully dry BEFORE you apply the product and BEFORE applying a follow-up product. It has the tendency to flake when mixed before it dries and that is such an irritating feeling. For myself, I can say this product has helped with evening out my tone and reducing my crazy acne flair-ups.",True,41
P427411,Azelaic Acid 10% Suspension Brightening Cream,5,I’m in my first trimester and have had to switch out all my products for pregnancy safe products. Love this for my hormonal acne since I can’t use anything with salicylic acid anymore!,True,36
P427417,Niacinamide 10% + Zinc 1% Oil Control Serum,5,Very hydrating. I have been using it for my back acne marks ( cz they need to be hydrated) and they have faded to a great extent within a month,True,0
P427417,Niacinamide 10% + Zinc 1% Oil Control Serum,1,"I had heard these products were great and amazing price point. However don’t waste your $10!!! It is slimey and literally clumped up and peeled off in white balls when I tried to apply moisturizer over it. It did not absorb into my skin at all. I never write reviews on products, but felt the need to share. Not sure how this product gets 5 star reviews!",True,9
P427417,Niacinamide 10% + Zinc 1% Oil Control Serum,5,"Best thing I’ve ever used for clearing up my skin. Calms acne and redness better than anything I’ve used to date, without being harsh. And so affordable. Worth every penny and then some.",True,3
P427417,Niacinamide 10% + Zinc 1% Oil Control Serum,5,"Great product! I’ve been using this product for over a month now and the results are unbelievable. This product is great for reducing acne scars and preventing breakouts. I use it at least 3-5 times a week, before bed. I’ve been using the 30mL bottle for over a month now and it’s still about halfway full - a little definitely goes a long way!",True,5
P427417,Niacinamide 10% + Zinc 1% Oil Control Serum,5,"BEST. SERUM. EVER. This product, in conjunction with the glycolic toner and the buffet serum have totally transformed my skin. I have dry/combination skin that gets quite oily in some spots during the summer months. This is like some sort of oil sucking sponge! I can actually go all day with very little to no shininess. With or without makeup! The price is obviously amazing, so I figured I would try it, and not even bother to send it back if I didn’t like it. That won’t be happening!!!",True,0
P427417,Niacinamide 10% + Zinc 1% Oil Control Serum,5,Love it I mix it with the salicylic acid and it’s amazing!,True,0
P427417,Niacinamide 10% + Zinc 1% Oil Control Serum,4,"Definitely noticed a reduction in pore size and less blackheads. I did not feel any reaction or any side effects from using this, other than a slight tingle a few minutes after the first time I applied. The first 2 days, I applied as directed in AM & PM, but day 3 I noticed a type of filmy residue on my face & I’m a little glowy. Now I’m going to try to alternate days and just do once a day.",True,6
P427417,Niacinamide 10% + Zinc 1% Oil Control Serum,5,"I LOVE this product. I was having sporadic, very deep and painful blemishes, and tried this product on a whim. It cleared up my skin so well. The texture is light and doesn’t leave a residue, but takes a while to work into the skin. I started with the smaller bottle and have since bought the bigger one when my first was finished. Price point is also amazingggggg.",True,1
P427417,Niacinamide 10% + Zinc 1% Oil Control Serum,5,I’ve been using niacinamide for just over a year now and have noticed a difference in my pores and redness. My pores are definitely less noticeable and I’m getting fewer breakouts since using it (haven’t changed anything else in my skincare routine except for this). I am happy they have released a jumbo size of this product because my spouse has started using it too!,True,6
P427417,Niacinamide 10% + Zinc 1% Oil Control Serum,5,Definitely worth the hype. I had acne scares all over my forehead and within a week it started to fade. 100000% would recommend!!,True,0
P427417,Niacinamide 10% + Zinc 1% Oil Control Serum,1,I finished the whole bottle.  I was hoping to see some results but it didn’t do anything for me.,True,10
P427417,Niacinamide 10% + Zinc 1% Oil Control Serum,5,"This serum has been a lifesaver for my oily, sensitive skin! It reduces my oiliness which helps reduce any breakouts and also keeps my skin tone more even. I’ve noticed less redness and my skin looks bright beneath my makeup, even after hours at work. I’ll definitely be purchasing this again!",True,11
P427417,Niacinamide 10% + Zinc 1% Oil Control Serum,5,i gave my mom this for mother’s day and she says it works great! i have also noticed her skin looks less red as usual and a lot better. i would recommend :),True,0
P427417,Niacinamide 10% + Zinc 1% Oil Control Serum,4,"Love! Love! Loveeeee this product! It’s has helped my skin so much and is so much more cleaner and brighter. But I get lots of hormonal acne during my period so product isn’t as effect at that period of time. But I mean the product can’t really do anything about hormonal acne, that’s a tough fight for the product to fight!",True,4
P427417,Niacinamide 10% + Zinc 1% Oil Control Serum,5,I love it! It literally suck the oil out of my skin but it doesn’t make it dry!,True,5
P427417,Niacinamide 10% + Zinc 1% Oil Control Serum,5,"i love it, its really helped with my hormonal breakouts in only a weeks time, and i use it every morning and sometimes at night.",True,1
P427417,Niacinamide 10% + Zinc 1% Oil Control Serum,5,This product really helps clear my blemishes! I’d 100% recommend,True,2
P427417,Niacinamide 10% + Zinc 1% Oil Control Serum,5,"I loved this product, it helped me a lot to avoid acne breakouts",True,1
P427417,Niacinamide 10% + Zinc 1% Oil Control Serum,4,i’ve dealt with blackheads for as long as i can remember and this serum was the only product i’ve ever used that has made a significant difference.,True,0
P427417,Niacinamide 10% + Zinc 1% Oil Control Serum,5,Really love this serum have bought it 3 times and is one of my favs🫶,True,1
P427417,Niacinamide 10% + Zinc 1% Oil Control Serum,4,"It got rid of the redness in my face and excess oil, my skin has now a natural glow instead of an oily glow. I highly recommend buying this product If you’re just starting out on skincare/this brand. It’s super gentle and just a little sticky. I use it at night.",True,23
P427417,Niacinamide 10% + Zinc 1% Oil Control Serum,5,"INCREDIBLE.  Overnight results, fabulous price, so glad I ordered!",True,0
P427417,Niacinamide 10% + Zinc 1% Oil Control Serum,4,"love this serum! cleared my skin in a week, swear by if it u have oily skin like me.",True,2
P427417,Niacinamide 10% + Zinc 1% Oil Control Serum,1,"This felt a little drying. After using the entire bottle, I felt no noticeable difference to my skin. It did not prevent or stop blemishes, and my skin did not feel like it was healthier or stronger.",True,16
P427417,Niacinamide 10% + Zinc 1% Oil Control Serum,5,Has done wonders to my hyper pigmentation and really gets breakouts under control and prevents them.,True,0
P427417,Niacinamide 10% + Zinc 1% Oil Control Serum,4,"To be completely honest I thought this wasn’t doing much in the beginning but my acne has faded so much and I know it’s working because my esthetician told me that my pores had gotten smaller/tight. I also noticed after months of not putting make-up on, when I finally did put on foundation, it didn’t set in to my pores at all. Over all a good product.",True,2
P427417,Niacinamide 10% + Zinc 1% Oil Control Serum,5,I LOVE this product! I have oily skin and acne scars and my skin looks so good. I’ve been using it for about a month now. Definitely recommend this.,True,2
P427417,Niacinamide 10% + Zinc 1% Oil Control Serum,3,been using for 2 weeks and still haven’t noticed any difference.,True,0
P427417,Niacinamide 10% + Zinc 1% Oil Control Serum,1,"I have quite dry and sensitive skin but with the occasional redness and acne flair ups. I was recon fed this product and was told it helps achieve a more even skin tone, etc. My skin felt a bit dry after applying it. My skin was on the road to recovery and this made it very red and irritated. It took about a few days for my skin to get back to normal. It might work for others but for mine it did not.",True,6
P427417,Niacinamide 10% + Zinc 1% Oil Control Serum,2,I broke out in a ton of small pimples after using this. This seems to be a very common reaction to this product.,True,0
P427417,Niacinamide 10% + Zinc 1% Oil Control Serum,5,Have been using it for a couple of years now and will continue to use as it works great. I wish I discovered this product earlier! I had hormonal acne on my chin for many years and this serum is the only thing that worked!,True,3
P427417,Niacinamide 10% + Zinc 1% Oil Control Serum,1,"Heard many rave reviews for this product, but this really broke me out. Beware if you have skin sensitivities!",True,3
P427417,Niacinamide 10% + Zinc 1% Oil Control Serum,1,"I really, really wanted to like this stuff. For the price and the reviews, it seemed like a miracle. My cheeks are dry but my nose, chin and forehead are oily. I used this twice (night and following morning) and noticed I was starting to breakout with tiny pimples everywhere that I had applied it. Nose, forehead and chin. I rarely get acne, so I was a bit shocked that it showed up after only 24 hours of use. Maybe I’m using too much? I only use a drop for my whole face. Looking in the mirror a few hours later, my face looked oily and shiny.I will say that on my areas that tend to be drier, this stuff absorbed beautifully. Just not on my oily-prone areas.I’ll give it another try, but I’m not really expecting different results.",True,0
P427417,Niacinamide 10% + Zinc 1% Oil Control Serum,5,"I started using this product in January and it has made a huge difference in the appearance of my skin. I have very oily skin so naturally I’m prone to break outs. However, my skin is so much smoother and brighter and I believe has contributed to a decrease in the amount of my breakouts. I had the small bottle and used it consistently and it just finished so it lasted about 4 months. Since I enjoy it I’ll probably buy the larger bottle. You only need about 3-4 drops each use so it is definitely worth the price.",True,3
P427417,Niacinamide 10% + Zinc 1% Oil Control Serum,5,Helps with big hormonal acne. Also lightens over time. Perfect for acne control and scar removal.,True,0
P427417,Niacinamide 10% + Zinc 1% Oil Control Serum,5,Added this to my daily skincare routine and I fell in love!! Definitely recommend,True,0
P427417,Niacinamide 10% + Zinc 1% Oil Control Serum,5,"I have struggled with adult acne for years, especially around my time of the month.  Since using this product I have not had a serious breakout.  If I do get a zit here and there, it is nowhere near as bad as before using this.  I’d recommend this product for anyone struggling with cystic acne.",True,48
P427417,Niacinamide 10% + Zinc 1% Oil Control Serum,5,"Despues de mirar un sin número de opiniones en youtube decidí comprar este producto en tamaño pequeño para probarlo, me he quedado impresionada con los resultados... tanto que me comprare el tamaño grande.",True,1
P427417,Niacinamide 10% + Zinc 1% Oil Control Serum,1,I used it for 3 days and tiny whiteheads formed all over my face!,True,13
P427417,Niacinamide 10% + Zinc 1% Oil Control Serum,5,Love this product! I recently started using this along with a couple of other Ordinary products and other products I use as part of my nightly skin care routine. Will continue buying and using for sure!,True,1
P427417,Niacinamide 10% + Zinc 1% Oil Control Serum,2,"I wanted to love this product so badly! I struggle w acne and thought this would help. Sadly, it made it much worse and I broke out like crazy! Nothing new to my routine but this serum. I haven’t had a break out this bad in months. I do give it 2 stars because it isn’t too sticky and it doesn’t have a strong smell to it. It just did the opposite of what it says it would do unfortunately",True,0
P427417,Niacinamide 10% + Zinc 1% Oil Control Serum,5,"My skin LOVES this. I have adult acne and a lot of deep, dark hyperpigmentation from past acne as well. I tried this serum years ago and didn’t find it did anything for me. I decided to try it again because my friend was raving about it and I don’t know what changed, but I LOVE this stuff! I mix this with the Summer Friday’s cc me serum in the morning and they are the dream team!! It’s a nice balance because this is so cheap and the cc me serum is super pricey, so together they even out (or so I tell myself). I started with the smaller bottle and it’s lastedme a while, I but ended up just purchasing the larger one so that when I run out of the small one I won’t have to go days without using this! I love it!",True,1
P427417,Niacinamide 10% + Zinc 1% Oil Control Serum,5,"Love this product! I have been using for several weeks, and I love what this is doing for my skin.",True,3
P427417,Niacinamide 10% + Zinc 1% Oil Control Serum,5,The best serum I have ever used so far!!! It calms down the redness and helps reducing the dark spots on my face♥️,True,0
P427417,Niacinamide 10% + Zinc 1% Oil Control Serum,2,"I’ve been using this serum for almost 4 months and I initially bought it to see if it would help with acne scars and breakouts. After using this product I can say that it didn’t really do anything as far as fading scars and reducing breakouts, however that being said it didn’t irritate my skin. It’s slightly sticky when you apply it but after it dries it’s fine. Overall an okay serum for me, but I would recommend trying it to see how it works for your skin.",True,3
P427417,Niacinamide 10% + Zinc 1% Oil Control Serum,5,Works really well at minimizing oil production and appearance of blackheads,True,0
P427417,Niacinamide 10% + Zinc 1% Oil Control Serum,5,This product is so affordable and has made such a difference in my skin! After only a week I noticed less tiny bumps under my skin and smaller pores. Highly recommend!,True,0
P427417,Niacinamide 10% + Zinc 1% Oil Control Serum,5,"I’ve used this for 3 weeks now and the difference is unlike anything else I’ve seen before; my cystic acne has gone down, and if a cystic pimple does show up it’s gone in just about 3 days instead of weeks. My skin is also much smoother, even-toned, and my acne scars are fading much faster! Would definitely recommend to anyone who is looking for a prescription-strength solution to acne and acne marks!",True,14
P427417,Niacinamide 10% + Zinc 1% Oil Control Serum,5,This helped me A LOT when a bunch of other expensive acne products did not and it was a huge relief to finally find something that worked for real. I would recommend this to everyone with cystic like acne or skin problems really works like a charm to get rid of most of it.,True,2
P427417,Niacinamide 10% + Zinc 1% Oil Control Serum,5,"I’m 43, and I’ve struggled with mild to moderate acne through various stages of my life. I have tried everything, and usually only have some success. I have used this for about 3 months, with my cyclical hormonal acne, and it is working well. I used it for about a month straight, and now I’m using it, just when spots appear along my chin-line. It keeps the breakouts at bay, and gets rid of the acne within a day or two, when I have a breakout. The price is unbeatable. I have dry skin, so I only use this at night, layered under a serum and cream. It seems slightly drying, but I haven’t had any issues with my somewhat sensitive skin.",True,0
P443833,Salicylic Acid Acne + Pore Cleanser,5,I love this pore cleanser! Second time using it and I really like it! Great price too!,True,4
P443833,Salicylic Acid Acne + Pore Cleanser,5,I continue to buy this cleanser! It works so well with my skin type and is very affordable! I love how it makes me skin feel afterwards and the salicylic acid does wonders for my skin.,True,1
P443833,Salicylic Acid Acne + Pore Cleanser,4,"I’ve purchased this 3 times now and I imagine if I don’t find anything else like this, it will be a staple for a while. My skin is so easily irritated and I break out from things on my face all the time. This is the first face wash I’ve had no issues with and that does a good job of removing makeup. It doesn’t remove all of it so I would suggest a double cleanse. Love it!",True,5
P443833,Salicylic Acid Acne + Pore Cleanser,5,"This is a skincare staple in my routine. It has helped keep my hormonal acne under control. After washing my face, I let it sit for 2 minutes and have had wonderful results.",True,7
P443833,Salicylic Acid Acne + Pore Cleanser,4,"I was really excited to try out this product as it would be the first from this brand and for my skincare concerns and needs. Although I don’t have large pores or lot of acne, I enjoyed this cleanser for my stubborn blackheads. This cleanser foams up lightly and I feel my skin glowing from this product. I enjoyed it very well and the price point for Sephora is also really great. The product did seem pretty small to me but you don’t need a ton of product to do the job. Overall, great product and I will recommend to others.",True,5
P443833,Salicylic Acid Acne + Pore Cleanser,5,"This is the first cleanser that I’ve ever introduced my face to, and it just might be the las because it cleared up a significant amount of my acne. My breakouts and oily skin have also reduced. This is my third bottle for my third month.",True,3
P443833,Salicylic Acid Acne + Pore Cleanser,4,"The price is worth trying it. My face hasn’t cleared 100%, however I have noticed a difference.",True,4
P443833,Salicylic Acid Acne + Pore Cleanser,5,"Love this face wash, I seen results after continuous use, and I like that it is super thick so you need very little.",True,10
P443833,Salicylic Acid Acne + Pore Cleanser,4,"I have oily skin and have been struggling with acne on my chin from the mask. This cleanser has definitely helped clear it up but my left side still has an inflamed area and white head issues. However the right side looks AMAZING. Both sides are doing tremendously better, now I just have to deal with scarring. I’m hoping the consistency helps long term. It definitely pairs well with Herbivore Aquarius face moisturizer. The two together have cleared up my skin considerably! Also this face wash doesn’t dry out my skin too much which is perfect.",True,2
P443833,Salicylic Acid Acne + Pore Cleanser,5,this is the best face wash i’ve ever tried i have super dry skin but i still break out so it’s really hard to find something that helps both but this does it after i wash my face it doesn’t feel dry but it really helps with my acne,True,7
P443833,Salicylic Acid Acne + Pore Cleanser,5,I received a free 5.0 oz bottle from PinchMe. I love trying new skincare products. This facial cleanser is wonderful. I use it every morning to clean my face and I can feel it working it’s magic on my skin. I will continue to use it for a long long time. My skin can get pretty oily especially around my nose and this helps that a lot.,True,0
P443833,Salicylic Acid Acne + Pore Cleanser,5,"This cleanser is perfect for my oily, breakout prone skin. I’ve been using it for about a year and it makes my skin feel clean and soothed. It’s not at all stripping or irritating like some cleansers for oily skin can be, plus you can’t beat the price!",True,0
P443833,Salicylic Acid Acne + Pore Cleanser,4,"I like this product, i noticed a little bit of change in my pore size and i recommend this to people with oily skin",True,0
P443833,Salicylic Acid Acne + Pore Cleanser,5,Wow. What can I say. I started using this wash to help with my breakout’s. This stuff is amazing. It works fast and I could see a difference in my face after the first wash. My breakouts have gone away and my face looks clearer and brighter. I love this stuff.,True,3
P443833,Salicylic Acid Acne + Pore Cleanser,3,"this is a good product if you want to get rid of any build up acne under your skin surface to come to a head, but it causes intense purging for a few days, so heads up for that! but after a week or 2 it should be fine",True,4
P443833,Salicylic Acid Acne + Pore Cleanser,5,This product is awesome.  Removes makeup and dirt from face. Leaves face soft and clean.  Easy to use.,True,0
P443833,Salicylic Acid Acne + Pore Cleanser,5,this cleanser is so good for acne-prone skin. i have really oily skin and i have had such bad acne and this cleanser had helped so much! & it’s so affordable!,True,11
P443833,Salicylic Acid Acne + Pore Cleanser,5,I’ve been using this product for over a week and already noticed a drastic decrease in the blackheads on my nose. I am also not breaking out as much as I normally do on my neck since I’ve been using this product. Definitely recommend for those with oily skin and prone to blackheads.,True,10
P443833,Salicylic Acid Acne + Pore Cleanser,5,"Works really well, and makes my skin feel very clean and unclogged. I also have oily skin for reference. Doesn’t irritate at all either. A little goes a long way",True,2
P443833,Salicylic Acid Acne + Pore Cleanser,5,"Amazing, i use this post workout and it really does the job for me",True,0
P443833,Salicylic Acid Acne + Pore Cleanser,4,"I love this cleanser because a little goes a long way. It makes my face feel nice and clean but not overly stripped. It didn’t cause any irritation and that I like that there is no fragrance. It just smells like skincare, which I like. I did notice, though, that while my skin didn’t get worse, it also didn’t really get better.",True,2
P443833,Salicylic Acid Acne + Pore Cleanser,5,"I was honestly hesitant on this at first because in the past I found when I used a salicylic acid cleaner that they were way to harsh and drying and would irritate my skin, but it was the complete opposite with this product and now this is my favorite treatment for my acne. The texture of the product feels like lip gloss (which I find pretty satisfying) and then emulsifys with water, I use this after I oil cleanse and never had a problem with irritation and it has always left my skin feeling clean but not stripped. I’m also 19 btw (when I read reviews it’s always helped to know their age, that’s my I mentioned it)",True,33
P443833,Salicylic Acid Acne + Pore Cleanser,5,i have only been using this for a couple of days but my skin is already getting so much better and so much clearer. I would highly recommend if you have acne and blemishes,True,4
P443833,Salicylic Acid Acne + Pore Cleanser,5,I like that this doesn’t have any overwhelming fragrance. A little goes a long way and it lathers up pretty nicely. My skin feels clean and tighter after using it. I have fairly dry skin and I definitely need a little moisturizer afterwards. This reminds me a lot of the old Phisoderm cleanser I used back in the Eighties - without the strong scent. Thanks for the opportunity to try it. I recommend it.,True,0
P443833,Salicylic Acid Acne + Pore Cleanser,5,"Honestly one of my favourite cleansers that I’ve true do so far and I’ve tried many to the point where at some point I was feeling like does which cleanser you use really matter? Cuz all of them were mediocre. But this particular one cleanses well and doesn’t strip away or dry up my skin. Ive been using it once a day at night as the second step of my double cleanse for a few months now. At times when I’m feeling lazy to do skincare, I would just double cleanse with this as the foaming cleanser and I don’t do anything afterwards. I’d wake up seeing my skin well cleansed with minimized pores and smoothed out. Would definitely restock on this when I’m done with my first bottle.",True,1
P443833,Salicylic Acid Acne + Pore Cleanser,4,"So far so good! I haven’t had it very long maybe a little under two weeks but it’s already working!! My skin was in bad condition from what I thought was differin, but actually turned out to be CeraVe hydrating cleanser! I’ve stopped using both and it slowly but surely with the aid of this product my breakouts are disappearing!I would say it’s definitely drying so be careful about how you use it and make sure to use a moisturizer afterwards!Personal Pro-Tip: I’m using this in conjunction with the peace out acne serum! It’s a heavenly duo! But not for everyone, especially those with sensitive skin! Research before trying out any new product",True,46
P443833,Salicylic Acid Acne + Pore Cleanser,5,"An amazing product, it works so good on my dry skin and its feels amazing. I alr bought two bottles, because I love it <3",True,1
P443833,Salicylic Acid Acne + Pore Cleanser,4,"Fantastic cleanser and really helps clarify. I use it and it works well but even better, my teen daughter used it and it had an amazing and instantly positive effect on her acne. It helps clarify skin and we noticed it works really well around the nose to significantly reduce blackheads. It’s a great cleanser, we use it 2/3 times a week.",True,2
P443833,Salicylic Acid Acne + Pore Cleanser,4,So far I really like the product but the bottle was leaking when I received my package. I have ordered other products from this brand and never had an issue.,True,3
P443833,Salicylic Acid Acne + Pore Cleanser,4,"Love love love this product!! I have these little bumps on my forehead and it cleared them up!! The only thing that I don’t really like is for some reason no matter how much I put, it doesn’t foam. Other than that it’s so good and super aggorfa!!",True,0
P443833,Salicylic Acid Acne + Pore Cleanser,5,Bought it a second time because I love it! Seen a really good improvement on my skin since I started using thin amazing product! Got a little of acne and dark spots (because if the acne) and it’s almost gone. Another thing amazing about this product is that it’s good quality and it’s affordable! I truly recommend!,True,1
P443833,Salicylic Acid Acne + Pore Cleanser,3,This product made my skin super dry... kind of disappointed honestly...,True,1
P443833,Salicylic Acid Acne + Pore Cleanser,5,"this is a good cleanser especially for people who wants to remove their acne’s. you’ll see the results after one wash, just don’t forget the 1 minute rule or 30 seconds rule if you’re doing double cleanse.",True,1
P443833,Salicylic Acid Acne + Pore Cleanser,5,I use this to help clear my strawberry legs and it is working wonders. I know my legs may never be completely clear but this product helps a lot!,True,2
P443833,Salicylic Acid Acne + Pore Cleanser,5,"I am pleased with this product - I am on my 3rd bottle. It works well on my acne-prone skin. It doesn’t sting my eyes, removes makeup, and doesn’t strip skin. It isn’t strong enough to control a breakout, but it aids in the process. A good cleanser, particularly for the value.",True,4
P443833,Salicylic Acid Acne + Pore Cleanser,1,"Tried this for about two months. Unfortunately it did nothing for my acne. I would still get major break outs, especially around my chin and mouth area.",True,21
P443833,Salicylic Acid Acne + Pore Cleanser,5,"I have been using The Inkey List Salicylic Acid Acne and Pore Cleanser for a few weeks now and love it. Most importantly, to me, is that is doesn’t dry my face out. So many cleanser I have used in the past make my face feel dry. I also like that it doesn’t feel like it leaves a film on my face. When I wash my face off it feels like the product washes clean off my face. I don’t break out much but it has helped me break out less. Also, when I do break out it helps clear my face quicker. I actually really like this face wash so much that I allowed my 18 year old try it and she tried to steal it from me. I will be purchasing this product, especially for my daughter.",True,4
P443833,Salicylic Acid Acne + Pore Cleanser,5,I love this product. It’s a gentle yet effective facial cleanser.,True,2
P443833,Salicylic Acid Acne + Pore Cleanser,5,"This cleanser is gentle and great especially for the price, my skin looks better in general since i started using certain inkey list products, including this one! I would recommend this cleanser and repurchase as well",True,0
P443833,Salicylic Acid Acne + Pore Cleanser,5,"I originally hesitated on trying this face wash because I thought the 2 percent salicylic acid might be to harsh. However, after being tired if using the Cerave SA cleanser and realizing it just wasn’t strong enough; I decided to finally give this one a try and I’m glad I did! First let me start by saying this is gentle even though it has 2 percent salicylic acid in it. It feels foams up and is soft on your face but you can still tell it’s strong enough to clean it and get into your pores. After switching from the Cerave SA cleanser to this one and I can tell the difference. My face is smoother. If you’re looking for something a bit stronger to really clean your pores and your face I would recommend this one especially for someone with oily skin.",True,4
P443833,Salicylic Acid Acne + Pore Cleanser,2,"So happy that this worked for everyone else! I, however, did not get great results. I started to breakout around the time i tried it and after consistent use for about 3-4 weeks I found out this cleanser was the problem. What works for someone may not work for everyone, I also found that with the use of my retinol product this dried me out more than my other cleansers. Still two stars though because it has great clean ingredients and I gave it to a friend to try.",True,13
P443833,Salicylic Acid Acne + Pore Cleanser,5,"I was very impressed with my Inkey List Salicylic Acid Acne + Pore Cleanser. It cleanses my face very well, it had hardly no scent, rinsed off easily, and left my skin feeling very soft and clean. Really helped with my slight acne and I could tell it opened up my pores. My skin looks and feels great.",True,1
P443833,Salicylic Acid Acne + Pore Cleanser,1,This broke me out even more. I have a dry skin. I get a pimple when it’s the time of the month so I decided to buy this. I was using it for two weeks now and I got so many tiny pimples. Not worth it.,True,2
P443833,Salicylic Acid Acne + Pore Cleanser,5,This is a really great product. I like it quite a lot and would recommend it to all,True,0
P443833,Salicylic Acid Acne + Pore Cleanser,5,"Helps me with controlling acne and random whiteheads, although it’s drying it’s a good cleanser.",True,2
P443833,Salicylic Acid Acne + Pore Cleanser,5,Love the way this cleanser leaves my skin feeling after each use. I have been using it daily and have noticed a big difference in how my skin feels at the end of the day. No more greasy feeling!! Love Love Love!!,True,1
P443833,Salicylic Acid Acne + Pore Cleanser,5,Amazing! My skin has completely cleared up in the two months I have been using this product. It is also helping to reduce the discolouration of my acne scars.,True,2
P443833,Salicylic Acid Acne + Pore Cleanser,5,This cleanser is a holy grail of mine. Way better than the CERAVE SA Cleanser and cheaper too. This cleared up my skin and was such a dream to use.,True,3
P443833,Salicylic Acid Acne + Pore Cleanser,5,Needed to go back to using a salicylic cleanser. Love this one. Works fast on any healing blemishes,True,3
P443833,Salicylic Acid Acne + Pore Cleanser,5,"LOVE. Please note, I’m very picky with my cleansers. For reference I have oily, and very sensitive skin. This did not irritate or break me out. The best part, my face felt fresh and clean afterwards, NOT stripped. Which is SO important to me. I would absolutely recommend this cleanser. The cleaning power is just perfect, and exceeds expectations.",True,1
P464241,5% Benzoyl Peroxide Acne Spot Treatment,5,Excellent spot treatment. Works way better than acne spot patches and is gentle in the skin.,True,1
P464241,5% Benzoyl Peroxide Acne Spot Treatment,5,"I tried this for about 2 weeks. I took a before and after photo to compare the results. I was pleased with this product! A little goes a long way. The only problem I had with this product was the smell. I never put this near my eyes but the smell would radiate off my face from where I applied this stuff (which was mostly my lower cheeks and jawline) and my eyes would start to water and slightly sting. Other than that, it seemed to swell down my acne a lot.",True,1
P464241,5% Benzoyl Peroxide Acne Spot Treatment,5,"I received a free sample of Dr. Zenovia Skincare 5% Benzoyl Peroxide Acne Spot Treatment to try, as I have hormonal acne that crops up 1-2x per month on my face. This treatment is outstanding, and worked quickly to reduce the size and redness of pimples, as well as reduce the overall time for these spots to clear from my skin completely. The product itself is a lightweight gel, and have some texture in it, which is not rough but you can feel a product suspended in the gel. This gel absorbs quickly and does not feel greasy or leave an oily spot on my pillow case overnight. I used this product each morning and evening  as part of the Dr. Zenovia cleanser, spot treatment and moisturizer routine, and I am truly shocked at the amazing results that this hormonal acne-focused skincare line brings.  It’s truly a new favorite for me, and I will continue to use this product for treating hormonal acne.",True,0
P464241,5% Benzoyl Peroxide Acne Spot Treatment,5,Great product. Blemishes melt away. A must if u have acne or even hormonal acne. Must buy.,True,1
P464241,5% Benzoyl Peroxide Acne Spot Treatment,5,I use this cream pretty much daily as a spot treatment for acne break outs & it works wonderful. It usually clears my break outs within a couple days. To be effective you barely have to even put any on! Would definitely recommend to anyone with mild to severe acne!,True,0
P464241,5% Benzoyl Peroxide Acne Spot Treatment,4,"This product works well, it took a few weeks but helped clear up a really bad breakout that my usual products were not helping with. The texture going on is nice, lotion and foundation go on nicely over this. I’ve taken one star off for the packaging, like many other reviews mention, the pump stopped working while there was still a ton of product left.",True,7
P464241,5% Benzoyl Peroxide Acne Spot Treatment,5,I have been using the Dr. Zenovia  benzoyl peroxide acne spot treatment to treat my acne and along with the cleanser combo have my skin looking great. I applied to my acne and by morning it had went down. Love the cooling feeling after applying to my acne and definitely love this and definitely highly recommended.,True,0
P464241,5% Benzoyl Peroxide Acne Spot Treatment,5,The Dr. Zenovia benzoyl peroxide acne spot treatment is great in helping clear up blemishes quickly. It didn’t leave my skin feeling dry while using it.,True,0
P464241,5% Benzoyl Peroxide Acne Spot Treatment,4,"I’ve struggled with acne most of my adult life and have tried a number of sets and products like these before so I was skeptical. To my delight, this product has done wonders and cleared up much of my acne and treats breakouts before they become a big deal. The product is slightly drying, so a word of caution to those who have dry and/or sensitive skin or need a thick moisturizer for winter. Will be keeping this in my routine for sure!",True,0
P464241,5% Benzoyl Peroxide Acne Spot Treatment,4,This spot treatment works really well. My skin is a little to sensitive so I can’t use it often but my teenage daughter loves it. It has helped a lot for spots she has and makes them go away quickly.,True,0
P464241,5% Benzoyl Peroxide Acne Spot Treatment,5,"The product came well packed and quite impressive. It really worked on my skin. I am using since this amazing product two weeks , I could really see an change in my acne spots. Must needed one",True,0
P464241,5% Benzoyl Peroxide Acne Spot Treatment,4,I used this product on my breakout it’s nice and scars are fading but it is is slow takes about a week to get clear..,True,1
P464241,5% Benzoyl Peroxide Acne Spot Treatment,5,I’ve honestly never used a spot treatment before abd was super surprised. The swollen red spot was dried up and peeled off within two short days. I will be keeping this one!,True,0
P464241,5% Benzoyl Peroxide Acne Spot Treatment,4,"I appreciated the gentle and unscented formula. I can’t see dramatic results or change, but I haven’t experienced additional breakouts, so I consider that a win. I received this product with a broken pump which was a bummer because I really want to avoid transferring bacteria, especially directly on my acne. I had to use my fingers to swipe off some of the treatment from the inner pump.",True,0
P464241,5% Benzoyl Peroxide Acne Spot Treatment,4,It is pretty comparable to the cheaper concentrated stuff you can get for fighting spots. What sets it apart is the fact that it doesn’t irritate my super sensitive skin,True,3
P464241,5% Benzoyl Peroxide Acne Spot Treatment,5,"This works so well I was surprised. Normally I use a big name competitor but this worked just as well, if not, better. Will be repurchasing.",True,0
P464241,5% Benzoyl Peroxide Acne Spot Treatment,3,This has helped my maskne. I was breaking out on my jaw with bumps under the skin and whiteheads on my neck. So painful and annoying! The bottle pump was broken and I found it to leave my skin tacky and sticky feeling but it reduced my redness and bumpy acne within three applications. My skin was kind of dry and itchy after but that’s easier to fix than breakouts! I’ll continue using  as a spot treatment.,True,3
P464241,5% Benzoyl Peroxide Acne Spot Treatment,5,"My skin has never felt better. Its hydrated and feels super soft, unlike before when I would have dry patches and acne on my face usually in my cheek areas. This is my new favorite treatment.",True,0
P464241,5% Benzoyl Peroxide Acne Spot Treatment,4,"This spot treatment work but is VERY strong! With the dryness my face had with the cleanser and this , it over dried my face to the point of flaky skin. I waited a few days and tried again, same result. I can only use this 2x a week.",True,1
P464241,5% Benzoyl Peroxide Acne Spot Treatment,4,"I have really enjoyed using this product! Really helps with blackheads and acne. I would recommend, however, that anyone with dry or sensitive skin use this product sparingly because it can be drying on the skin.",True,0
P464241,5% Benzoyl Peroxide Acne Spot Treatment,4,"I started using this product about a week ago. I received this product at a perfect time when my hormonal acne started to flare up. I had a blemish on my chin and on my left cheek. This formula gave a mattifying feeling, almost a drying feeling, but not quite. It immediately helped with any pain or inflammation. I felt immediate relief, however, I do not feel as if it cleared my acne any quicker that usual. I feel as if I need more time with this product to see drastic results. It may also be that I needed to use the product more than twice a day, I’m not sure. I’ll continue to use this product everyday and see what happens.",True,0
P464241,5% Benzoyl Peroxide Acne Spot Treatment,4,"I have combination skin, so I struggle with both oil and dryness, and get breakouts that I am managing pretty well with other products. When I used this spot treatment as directed (use daily on acne), I found it to be too drying for my skin. Instead if I have a pimple I will use this every other day on the affected area. I have found it to work well with these modifications. It is also worth noting that I am trying this product while it is winter here, so my skin is at its most dry. I like that the product doesn’t feel harsh, sting, or have an intense chemical smell, which I have experienced with other acne products. This spot treatment is very light feeling, and a little goes a long way, so I think that this amount of product could last a long time. The only thing I don’t like is that the pump bottle makes it difficult to only expel a little bit of product.",True,0
P464241,5% Benzoyl Peroxide Acne Spot Treatment,5,OMG Guys! This spot treatment works miracles. Within a day pimple was ready and gone. I had a super stubborn ingrown hair boil thing and I put some on there and within 2 days that was gone and painless. Get it-it really does what it promises.,True,0
P464241,5% Benzoyl Peroxide Acne Spot Treatment,5,"I receive a sample of Dr. Zenovia 5% Benzoyl Peroxide Acne Spot Treatment from PINCHme in exchange for my honest review. This product is great, works perfectly on my skin and helps me a lot.",True,0
P464241,5% Benzoyl Peroxide Acne Spot Treatment,4,"This really made my break out go away quickly, but also irritated the skin sound the break out.",True,0
P464241,5% Benzoyl Peroxide Acne Spot Treatment,5,I love this Acne Spot Treatment as it’s not too abrasive and does not sting.  The scent is subtle and targets all problem areas from my chin to the forehead.  Highly recommend.,True,0
P464241,5% Benzoyl Peroxide Acne Spot Treatment,5,"amazing! It works, I got to try Dr. Zenovia  acne spot treatment for my honest review this works within 2 days my T zone area cleared up. I will be buying this and I highly recommend",True,0
P464241,5% Benzoyl Peroxide Acne Spot Treatment,5,This spot treatment is amazing! I put it on a blemish before bed and in the morning it is almost gone! It works magic as you sleep!,True,0
P464241,5% Benzoyl Peroxide Acne Spot Treatment,4,I received this product from PINCHme to try and it does work well however i did notice that my face began to burn and itch so I didn’t use it after that.,True,0
P464241,5% Benzoyl Peroxide Acne Spot Treatment,4,This spot treatment is wonderful! I have combo skin (classic oily t-zone with dry patches on the side of my chin) and this has cleared up just about all of my hormonal acne. I’ve seen a huge improvement in my skin and it’s not over drying either. Salicylic acid does not work for me but this product has turned my skin around. I also have sensitive skin and habe had no irritation.,True,0
P464241,5% Benzoyl Peroxide Acne Spot Treatment,4,"I’m on the fence about it. When I first started using it, it seemed to make my outbreak worse, but now my skin is back to normal. Not sure if it was just the adjustment process.",True,0
P464241,5% Benzoyl Peroxide Acne Spot Treatment,5,The Best! This is the best spot treatment I have ever used.  I received this DR. ZENOVIA 5% BENZOYL PEROXIDE ACNE SPOT TREATMENT ad a free pinch me sample and I’ve never tried anything with so much quality. Usually these kinds of products over dry my sensitive skin and I end up with itchy irritated skin. This has soothing ingredients so my face clears up and no dry itchy skin. It’s the best.,True,0
P464241,5% Benzoyl Peroxide Acne Spot Treatment,1,"My skin did not like this formula at all. I have very oily skin and this dried me out so bad. I have little milia on my chin, nose and forehead now and that is not cute at all. I suffer from hormonal acne due to PMS every month. This did not tackle my blemishes at all. Now I have to detox my skin from this product. I received a free sample from Pinchme for my honest review.",True,0
P464241,5% Benzoyl Peroxide Acne Spot Treatment,3,I used this product on a few blemishes on my cheeks and chin. I get big cystic acne and it hurts even when I don’t touch it. I applied this product four times in three days and I noticed that my breakouts had gone down in size. I noticed that after the second use the pump stopped working and because the bottle is glass I can cut it to get to the rest of the product. I think it works to reduce inflammation and helps blemishes go away in 2-3 days. I gave it three stars because the pump stopped  working after the second time I used it.,True,3
P464241,5% Benzoyl Peroxide Acne Spot Treatment,3,"I am always looking for acne spot treatments that work well in those flare ups or “emergencies“.  I like the pump dispenser on this Dr. Zenovia spot treatment as it lets you use just a little bit (as you don’t want to use too much for the price). It was just an average product to clear up my redness and flare ups.  I can’t say it was anything great or a miracle product, but it did help with the intensity of the redness.",True,0
P464241,5% Benzoyl Peroxide Acne Spot Treatment,5,I am really happy with this acne spot treatment. It clears my skin and helps to prevent future breakouts. I like that it feels more like a lotion than a spot treatment. It goes on clear and is not noticeable at all on your skin. You can wear it outside of the house and no one would even know you have spot treatment on.,True,0
P464241,5% Benzoyl Peroxide Acne Spot Treatment,5,I am loving this DR. Zenovia 5% Benzoyl Peroxide Acne Spot Treatment. Reduces the look of blemishes  and redness. This spot treatment is gentle enough to use everyday. I love that it has aloe vera to soothe blemishes.,True,0
P464241,5% Benzoyl Peroxide Acne Spot Treatment,5,Great for spot treatment.  Highly recommend Benzoyl Peroxide Acne Spot Treatment,True,0
P464241,5% Benzoyl Peroxide Acne Spot Treatment,5,Works wonderfully as a spot treatment along with my skin care routine. The only downside is it may bleach fabrics.,True,0
P464241,5% Benzoyl Peroxide Acne Spot Treatment,5,I was given a sample of Dr. Zenovia 5% Benzoyl Peroxide Acne Spot Treatment from PINCHme to try out. I had a stubborn pimple I decided to test this spot treatment out on and im so glad I did.  After a couple of days my pimple was gone.  I would highly recommend this treatment.,True,0
P464241,5% Benzoyl Peroxide Acne Spot Treatment,5,Works and has no oily after. I really like it for my skin!,True,0
P464241,5% Benzoyl Peroxide Acne Spot Treatment,4,The system is a little drying at first but it definitely controls acne and the added moisturizer helps. Overall I’d rather have a lil dry skin than acne so I’d recommend it for control of problem acne.,True,0
P464241,5% Benzoyl Peroxide Acne Spot Treatment,5,"This little guy is a miracle worker! It gently and effectively targets the acne, and eradicates it. Bye bye blemishes, hello clear happy skin. I use this in conjunction with the rest of the Dr.Zenovia Clear Complexion line of products to keep my skin looking happy, healthy and blemish free. I highly recommend you give it a try-you won’t regret it!",True,0
P464241,5% Benzoyl Peroxide Acne Spot Treatment,5,My 13 year old daughter deals with acne breakouts especially from when she wears a face mask. The Dr. Zenovia spot treatment has been her go to product to clear up breakouts. It’s effective for healing those nasty spots.,True,1
P464241,5% Benzoyl Peroxide Acne Spot Treatment,5,This product is amazing!! I was breaking out so bad and everything i had tried before was just irritating my skin and making it worst til i tried this and it helped so much to calm/reduce lots of redness and pustules acne i had. So i would definitely buy again!!,True,0
P464241,5% Benzoyl Peroxide Acne Spot Treatment,4,This product is great for treating spots of acne. I love the bottle it comes in and how you can squirt just a dab onto your finger. One small dab can work on many spots on your face. I have definitely noticed a difference while using this product. I’m so glad I got to try this thanks to pinch me. I have already recommended it to my sister!,True,1
P464241,5% Benzoyl Peroxide Acne Spot Treatment,5,"This definitely helps to clear up blemishes. Because it is benzoyl peroxide, be careful that it doesn’t bleach your towels/sheets",True,0
P464241,5% Benzoyl Peroxide Acne Spot Treatment,4,I received this for free in exchange my honest review. I love this one actually really good for acne but it is make my skin soo dry during winter time so i have to stop this and i will think to re use it again when the summer come,True,0
P464241,5% Benzoyl Peroxide Acne Spot Treatment,5,wow! This stuff is great! I have bad acne on my forehead and this has cleared it right up! I’ve used so many different things with no success and finally something has worked!,True,0
P464241,5% Benzoyl Peroxide Acne Spot Treatment,4,"I liked using De Zenovia 5% Benzoyl Peroxide Acne Spot Treatment. I have been getting a few blemishes lately, but I put just a dab of this on, and it works.",True,0
P469502,Skin Perfecting 2% BHA Liquid Exfoliant,5,"I was gifted by Paula’s Choice with SKIN PERFECTING 2% BHA Liquid Exfoliant. I have heard so many great things about Paula’s Choice and was excited to try this product. I noticed my skin was more calm after using this product. I have acne prone skin and any type of change, weather, skincare routine, food etc. would cause me breaking out. This product was able to keep acnes away from my face.",True,0
P469502,Skin Perfecting 2% BHA Liquid Exfoliant,5,I ended up buying it because of all of the hype going around for this product. It definitely does live up to the hype. I noticed that my pores are becoming less visible after using it. I do have a bit of a bumpy texture and it seemed to get rid of that as well!,True,4
P469502,Skin Perfecting 2% BHA Liquid Exfoliant,5,"I’m literally losing my mind right now I’m 18 and I’ve had irritation, patchy textured skin, pimples, big pores, and an uneven tone since since I was 12 and this literally cured everything over night my face is the smoothest it’s felt since I was a kid. It made my face so gooey and bright and it made me so look much better too. I tried skincare products for years and thought it was all just a scam but no. This works. And I’m so happy and shocked. I never leave reviews but I literally have to this thing is incredible. Seriously so worth the purchase. PS: Make sure you moisturize after!! Use a toner first and then this exfoliant and then moisturize. Bravo to you Paula’s choice I am shocked",True,1
P469502,Skin Perfecting 2% BHA Liquid Exfoliant,3,"I order the travel size version of this to give a try. I heard so many great things about this product. However, I personally don’t see what the hype is about; especially for the price point! All you need to do is add a few items in your skin care routine with Salicylic Acid and you should be fine. I personally think this is unnecessary. But if you want to give a try I recommend ordering the travel size.",True,6
P469502,Skin Perfecting 2% BHA Liquid Exfoliant,5,They said to give this one a while to see results…. One thing I have definitely noticed rapidly ￼is that it has definitely shrieked my pours a lot like others said it would ! But so far I love it.,True,1
P469502,Skin Perfecting 2% BHA Liquid Exfoliant,5,This is a little different than other exfoliating products I have tried. It is really gentle on my skin and not overly drying so I can use it daily vs 1-2 times a week like others. It works well at keeping my pores clear so I can’t see them as much. I received this item complimentary from Paula’s Choice.,True,0
P469502,Skin Perfecting 2% BHA Liquid Exfoliant,5,"Since using this product I have not gotten a single case of cystic acne on my chin. I’ve gotten minor and very small pin sized spots here and there, but I attributed it to purging. It’s better than my tretinoin ok? That’s a big deal. I’ll still use tret for wrinkle use but I’ll never stop using this toner to keep acne at bay. I used to suffer from cystic acne on my chin, and they were painful/large spots. Hiding them with makeup was so difficult. If you’ve been sitting on this purchase GET IT ASAP. The only regret I have is waiting so long to purchase it. Definitely will be trying other Paula’s choice products",True,2
P469502,Skin Perfecting 2% BHA Liquid Exfoliant,5,Amazing. The only thing to work on my acne! Totally changed the texture of my skin & gave me a glow I’ve never had,True,5
P469502,Skin Perfecting 2% BHA Liquid Exfoliant,5,Don’t know what the fuss is about. This works exactly as intended. It is my favorite product.,True,0
P469502,Skin Perfecting 2% BHA Liquid Exfoliant,5,I was never one to take great care of my skin until last year. I started using this every night and immediately noticed such a difference in the texture and brightness of my skin. I absolutely love this product and cannot live without!,True,8
P469502,Skin Perfecting 2% BHA Liquid Exfoliant,5,"I ordered a sample directly from the brand forever ago and I am still using it. I have every intention of repurchasing when I run out because it has helped my blackheads tremendously! Definitely do not use it every day, I started with once a week and now use it 1-3 times a week depending on my skin’s condition. I wear sunscreen every morning and don’t pair this with any other harsh exfoliants.",True,9
P469502,Skin Perfecting 2% BHA Liquid Exfoliant,1,"I have dry sensitive and acne prone skin - seeing many reviews of people with my skin type gave me false confidence to try this overnight. I didn’t find anything about the texture particularly noteworthy - I have seen people do complain about the texture, but it’s very standard like a toner-essence texture. I thought since it caused zero irritation upon application and no issues with anything or how my skin felt overnight all was fine.Unfortunately this just must have done a lot of deeper skin irritation that only became apparent when my skin was on fire when washing my face with a the gentle Avene cleansing lotion in the morning. From here I will just not touch any new Paula’s choice products as this is not normal for even my reactive sensitive skin at all and I have ended up with multiple ineffective products I have just used to get rid of for not be wasteful. Much cheaper and soothing ways from Asian skincare to tackle acne and hyperpigmentation prevention!",True,2
P469502,Skin Perfecting 2% BHA Liquid Exfoliant,5,I LOVE THIS. please buy this if you have acne!! it’s saved my skin and cleared it so well. if you break out please give it chances,True,10
P469502,Skin Perfecting 2% BHA Liquid Exfoliant,4,"this actually works. i have combo skin and i’m insecure w my pores. i paired this w one of their cleansers and i’ve had the best results(i’ve tried everything this actually worked). for me i use once a day at night and ive noticed a difference in my pores. i also no longer get deep painful acne like i use to (not sure if it’s from this or the cleanser, i started both at same time)",True,1
P469502,Skin Perfecting 2% BHA Liquid Exfoliant,2,"It smells terrible, but it works....for a while. Until the breakout. It did wow me when I use it for the first time.Even tho it smells like nail lash remover, but the result is good. Skin looks bright and smooth I used twice a week and I always wash it off after 5 minutes. Because I can’t stand the smell. 2 weeks later, when I use it again, I got break out. Bummer.",True,0
P469502,Skin Perfecting 2% BHA Liquid Exfoliant,2,I wanted to love this but every time I use this I see no difference whatsoever. I feel like it doesn’t take anything out of my pores and it is very overhyped. Glow recipe strawberry serum worked wonderfully to get stuff out of my pores and help with texture and I would use that any day over this.,True,2
P469502,Skin Perfecting 2% BHA Liquid Exfoliant,5,"I was very skeptical will all of the positive reviews of this product considering I have tried other BHA exfoliants that gave little to no noticeable result.  I decided to try it and purchased the travel size first.  I was shocked at the results I saw in my skin as well as my daughter’s.  My pores were smaller after using it on a regular basis.  There was a major improvement in my daughter’s skin.  She went from breakouts along her hairline and on her chin, to clear skin in about two weeks with daily use.  Needless to say, once we finished the travel size I immediately purchased the value size.  With the results we both have experienced from using this product, we will both continue to use this daily for our skincare.",True,15
P469502,Skin Perfecting 2% BHA Liquid Exfoliant,5,"I have been using this product for over 6 month-1 year and this is a great everyday exfoliating toner. This has helped my acne but not entirely. Also, my skin is a lot smoother. * I used to only buy this on paulas choice website! Since it’s on Sephora now, I only buy it on here because I get points!*",True,1
P469502,Skin Perfecting 2% BHA Liquid Exfoliant,4,"My skin is very clear(I was on Accutane for a year) and it is also pretty dry, however my very favorite Youtuber said this gave her the glass skin effect(Taylor Wynn) so I picked it up.  This...is the best liquid chemical exfoliater I have ever tried. It is not irritating, super drying, nothing. It just makes my skin look...well, perfected. For the price especially, I don’t think you can beat this product.",True,10
P469502,Skin Perfecting 2% BHA Liquid Exfoliant,1,I had such high hopes for this but after using consistently morning and evening for over a month I have not noticed it to be helping my skin in any way. My primary concern is acne and scarring from past acne but small breakouts have continued and the milia around my mouth and nose if anything is worse.,True,2
P469502,Skin Perfecting 2% BHA Liquid Exfoliant,5,"this product is a must have! i have extremely sensitive, acne prone, and oily skin, and this is the only exfoliant that works for me; it targets all my problems with no irritation! i use it 1-2 times per week, applying it to my palms and tapping it in. it has transformed my skin for the better! yes, it’s pricey, but an entire bottle has lasted me a year!",True,3
P469502,Skin Perfecting 2% BHA Liquid Exfoliant,5,it’s been about 3 days and my skin texture has improved dramatically!! i’m used to sort of bumpy and dry/greasy skin but the formula has been super gentle and reduced bumpy dry texture and black heads so fast! no break out from switching skin care so far and I have the most sensitive skin. I highly recommend trying it if you’ve been searching for an exfoliant.,True,5
P469502,Skin Perfecting 2% BHA Liquid Exfoliant,3,"I have used this 3x, maybe 4 since purchasing a week ago. I wanted to wait after more uses assuming I would see results before writing a review, but first impressions are real. So. The first 2x I had two fresh breakouts and did not see a difference the morning after in size or redness reduction. I have noticed I’m oily the next morning when I wake up after use. I have not noticed a change in my complexion or skin texture. I also believe I experienced purging as I have noticed small cluster bumps above my upper lip on the sides (so inner cheeks) and mid forehead. I never breakout on my forehead, so I’m sure this is purging. I purchased the big bottle under the assumption it would work and I would pleased. Kinda wish I got the mini even tho it’s really very tiny. The texture is a semi oil but kinda has a silk feel. I was expecting it to be more fluid like a toner, it definitely is not. I used a cotton round and my fingers to apply on two separate applications and the finger method is better for sure. Also kinda hard to gage how much a few drops is because it’s a squeeze type spout. I wouldn’t use more than twice a week as this is not an exfoliant that gets rinsed away. Not all things work for everyone, so be mindful of expectations because the instant gratification I expected did not happen. While the reviews are good and the Sephora rep told me this is their “best seller”, I’m not seeing where either is true. I’ll likely ride the bottle out because returns are a hassle especially when the store is 1.5 hours from me.",True,5
P469502,Skin Perfecting 2% BHA Liquid Exfoliant,5,HOLY GRAIL!!!!! i use this a few times a week and it’s helped tremendously w my textures + bumps- its not too strong and lasts forever!!,True,0
P469502,Skin Perfecting 2% BHA Liquid Exfoliant,5,"I’ve been using tretinoin for almost a year now. I’ve been experimenting with skin cycling different products through with it, and this stuff is amazing! My skin always reduces in texture and is radiant!",True,1
P469502,Skin Perfecting 2% BHA Liquid Exfoliant,5,"This is the IT GIRL of acne products.My brother first bought this & I used it a single time and was so shocked, I ran to sephora that week to buy my own bottle.I see overnight results everytime I use this. It makes my skin softer, makes my pores noticeably smaller, & makes my pimples literally vanish.It has absolutely saved my skin & will continue be a staple of my skincare routine. I seriously cannot recommend this product enough.",True,3
P469502,Skin Perfecting 2% BHA Liquid Exfoliant,2,"I don’t know what I did wrong, but I used the whole bottle and this product didn’t improve my clogged pores *at all.* My skin purged like crazy for about a week and I had high hopes, but my skin looks exactly the same as it did when I bought this (I look just like my “before” photo). This was a splurge and I have no idea what else to try since this was supposed to be the gold standard.",True,12
P469502,Skin Perfecting 2% BHA Liquid Exfoliant,5,"This is excellent. Made my skin insanely red at first, but have seen significant improvement in overall texture, redness, and health.",True,0
P469502,Skin Perfecting 2% BHA Liquid Exfoliant,5,i’ve only been using this product for 3 days but my blackheads and pores have magically disappeared. my skin is very sensitive and acne prone but this exfoliant doesn’t irritate it at all! it leaves my skin feeling so smoothe and soft. i will be making this a permanent part of my skincare routine.,True,4
P469502,Skin Perfecting 2% BHA Liquid Exfoliant,5,"I was hesitant to get this, as I have dry skin. However, this has totally helped with flakiness and overall skin tone. Being a chemical exfoliant, it also seems gentler on my skin than some of the physical exfoliants I used. I learned about this product from Taylor Wynn’s YouTube channel, and I use The Ordinary Rose Hip Oil and CeraVe night cream after (also recommendations from her). My skin looks moisturized and smooth, even as the winter months get harsher. This will be a product I keep in stock!",True,6
P469502,Skin Perfecting 2% BHA Liquid Exfoliant,5,I was shocked how well this has helped my acne scars I bought the mini version to try it out but I’m definitely buying the full size now I 100% recommend for dry skin,True,1
P469502,Skin Perfecting 2% BHA Liquid Exfoliant,5,"This stuff really works. I was breaking out TERRIBLY on my forehead (looked like fungal acne or a bunch of closed comedones) after trying out a couple Naturium serums. I gave those serums more chances, thinking my breakouts would get better after continuous use but they never did and my skin was looking very very bad. I stopped using the serums and immediately applied this BHA. After the first use (at night), my forehead was already clearing up and going back to normal the next day. I’ve been using this nightly since my skin has already been exposed to chemical exfoliants and have been totally fine. Listen to your skin and see if you can handle daily use or not but this stuff actually works and is definitely worth the hype.",True,5
P469502,Skin Perfecting 2% BHA Liquid Exfoliant,5,"This clears up skin beautifully, nothing else seems to work this gentle and fast on problematic skin. Highly recommend",True,0
P469502,Skin Perfecting 2% BHA Liquid Exfoliant,4,This product is a new staple of mine! I suffer with acne and hyperpigmentation and it definitely helped even out skin tone and texture. Not an end all be all but definitely a great addition to my skincare routine.,True,0
P469502,Skin Perfecting 2% BHA Liquid Exfoliant,5,"I have oily skin and have been struggling the past week because it recently warmed up significantly. I just got this product and i used it once at night before bed. Let me tell you, the next day my skin was SIGNIFICANTLY less oily to the point where i was genuinely confused until i realized i used this the night before. I’m looking forward to use this product in the future!",True,3
P469502,Skin Perfecting 2% BHA Liquid Exfoliant,1,I’m convinced this is just water in a bottle. This did absolutely nothing for my skin. It smells and feels like water.,True,3
P469502,Skin Perfecting 2% BHA Liquid Exfoliant,5,I have really oily skin so my pores are BIG. I kept hearing this product helps shrink pores and it actually does. I tested it by using it for constantly for a month by the 2nd week I noticed a big difference then I stopped using it and my pores were noticeably big again. This product will be forever be in my routine now.,True,2
P469502,Skin Perfecting 2% BHA Liquid Exfoliant,5,It’s a very drying product so you shouldn’t use it all over your face. I only use it on my T-zone. Also not for everyday use. But it’s one of my favorites and gets the job done when used properly,True,1
P469502,Skin Perfecting 2% BHA Liquid Exfoliant,5,"This is the ONLY product I’ve used that has helped with my stubborn enlarged pores. You can literally see a difference almost instantly. It’s incredible. My skin is sensitive so I don’t use it twice a day, but it’s the best purchase I’ve ever made. Gets rid of acne too.",True,1
P469502,Skin Perfecting 2% BHA Liquid Exfoliant,4,It kind of smells like nail polish remover besides that everything about this is fine.,True,2
P469502,Skin Perfecting 2% BHA Liquid Exfoliant,5,"Absolutely obsessed! After a whole weeks use, my skin and acne marks slowly have started to clear up. I usually apply everyday in the early mornings, paired with an SPF moisturizer. My oily sensitive skin has not broken out, or had any bad reactions thus far. Definitely worth the price, especially when you see all the gunk that comes out of your face. Cleaner and glowing skin!",True,6
P469502,Skin Perfecting 2% BHA Liquid Exfoliant,5,My holy grail skincare product. Fixes my entire life.,True,1
P469502,Skin Perfecting 2% BHA Liquid Exfoliant,5,"It’s been about two weeks since using it and so far, my skin feels smooth every morning when I wake up. I started getting some breakouts on my chest so I started to use this on that area. It’s been a few days since starting application on those breakouts but it seems to be helping. While I haven’t noticed my pores decreasing in size yet, I am hopeful as the other reviews mentioned that. That is what I am most excited for as I feel very self conscious about my nose. Since using this product, I have not noticed any new breakouts, which is great. I’m so thankful that this 2% BHA Liquid Exfoliant was gifted by Paula’s Choice to me.",True,0
P469502,Skin Perfecting 2% BHA Liquid Exfoliant,5,Love love love love love. I had the worst uneven skin tone and since I’ve been using this I’ve had people I barely know begging for my skin routine.,True,2
P469502,Skin Perfecting 2% BHA Liquid Exfoliant,5,"I’ve been recently doing an overhaul on my skincare regime since it seemed what I had been doing no longer worked very well. My skin was red and inflamed, with cystic acne in specific places - I assume it was a combination of stress and moving to a new clime (Oregon to Utah) that caused me so much trouble. It wasn’t until I added this product to my night-time routine that my skin did a 180! I changed nothing else about my routine except for this. No more cystic acne, much less blackheads, much less redness. Initially I tried the small size first, and was blown away after just 2 weeks of consistent use. 100% recommend, though everyone’s skin is different, so its nice there is a trial size.I have very reactive/sensitive skin, and using this 1-2x a day caused me no issue. For reference, I use Skinfix Barrier+ Foaming Oil Cleanser, Origins Mega-Mushroom Treatment Lotion, Volition Beauty Snow Mushroom Water Serum, Algenist GENIUS Collagen Calming Relief, and Prima Night Magic 300mg CBD Intensive Face Oil.",True,7
P469502,Skin Perfecting 2% BHA Liquid Exfoliant,5,"I love it. My skin are dull since I moved to USA, I had try so many product exfoliating for my skin none of work and I bought this mini size for try. Immediately after first time use in within 30mins I can see my skin and glowing. I use alternate day as I have sensitive skin and it’s not even irritating my skin and it’s like miracle. Now I am been using almost everyday and my skin love it so much and get rid of tiny bumps on face.Also don’t forget to wear SPF during the day. The best product ever I try so far",True,5
P469502,Skin Perfecting 2% BHA Liquid Exfoliant,1,"Very hard to get out of the bottle. Doesn’t work, I have used it but feel and so no difference don’t waste your money!",True,0
P469502,Skin Perfecting 2% BHA Liquid Exfoliant,5,i love this so much i use it 3 times a week has a toner in my morning routine after cleansing my face and it really helps my blemishes and ESPECIALLY with my pores when i started using it i started slowly by using it once a week and increase when i saw it was giving me a good reaction i apply it with a cotton pad,True,3
P469502,Skin Perfecting 2% BHA Liquid Exfoliant,5,I swear by this. I absolutely love this product. Will always use this!,True,1
P469502,Skin Perfecting 2% BHA Liquid Exfoliant,5,You see results right away. I use it at night before my serum and moisturizer. It’s also a good spot treatment.,True,2
P469515,CLEAR Daily Skin Clearing Treatment with 2.5% Benzoyl Peroxide,2,"I only tried this because I couldn’t get Proactiv any longer. I usually switch up between benzoyl peroxide, salicylic acid, glycolic acid, sulfur, and retinol acne products. I ’ve had extremely oily skin and frequent acne lesions since I was around 11 years. I’m almost 70, and I still do. Prescription meds help the most. I am careful to wash my face with acne or antibacterial cleansers, and I use makeup for oily skin without moisturizing. The Paulas Choice benzoyl Peroxide hasn’t helped heal my acne - doesn’t do anything! I didnt have to worry about it causing dryness - it certainly never did. The Paula’s Choice doesn’t work for me. Seems too weak. it doesn’t heal or dry up acne bumps. Doesn’t have a fragrance either.",True,8
P469515,CLEAR Daily Skin Clearing Treatment with 2.5% Benzoyl Peroxide,5,This treatment works wonderfully and is not super harsh from my experience. I use it after showering daily just around problem areas. Obviously moisturizing after I’m sure prevents excess dry out so definitely make sure you have a skin care regime to go along with this to balance out your skin.,True,7
P469515,CLEAR Daily Skin Clearing Treatment with 2.5% Benzoyl Peroxide,5,"I have sensitive oily skin and struggle with hormonal and cystic acne. Gentle yet effective! Only 2.5% benzoyl peroxide compared to most products that contain 5%. Ever since I started using this product, I rarely breakout now (unless it’s that time of the month). This product has saved my skin (without irritating it) and I plan to keep purchasing!",True,0
P469515,CLEAR Daily Skin Clearing Treatment with 2.5% Benzoyl Peroxide,5,"This product really helped texture and acne that I’ve had on my face for some time. It dries you out when first starting out, I would advise doing it once a week for two weeks then every other day to whatever frequency you need. Strongly recommend, this is definitely a staple moving forward.",True,3
P469515,CLEAR Daily Skin Clearing Treatment with 2.5% Benzoyl Peroxide,5,I am amazed by this product! I have very stubborn acne and after only a few days of use my skin is clearing up and my dark spots are fading way faster than usual! I find that it feels light on the skin and not irritating like similar products I’ve tried in the past and a little definitely goes a long way! Totally worth it,True,1
P469515,CLEAR Daily Skin Clearing Treatment with 2.5% Benzoyl Peroxide,5,I am a firm believer in Benzoyl Peroxide and it does wonders for my skin. I’ve used this than I have other brands because it is amazing. I take precuations when using it at night because benzoyl peroxide can stain but it’s such a good product!,True,11
P469515,CLEAR Daily Skin Clearing Treatment with 2.5% Benzoyl Peroxide,5,"I really like this product I’ve been using it for a week now, haven’t seen any major changes but some slight ones. I really like the formula of it. It’s kind of hydrating which I like. Super easy to use and I’m excited to continue to use it because Paula choice makes the best skincare!",True,0
P469515,CLEAR Daily Skin Clearing Treatment with 2.5% Benzoyl Peroxide,5,This product has helped me acne prone skin so much!! It helps get rid of my breakouts quickly and I love that it can be worn under makeup. This product also doesn’t dry out my skin. I highly recommend trying this out since many other popular products haven’t helped my acne like this product did.,True,0
P469515,CLEAR Daily Skin Clearing Treatment with 2.5% Benzoyl Peroxide,5,Awesomeness!! This is the best treatment for acne. It has clear my whiteheads and preventing them from forming.,True,3
P469515,CLEAR Daily Skin Clearing Treatment with 2.5% Benzoyl Peroxide,5,Benzoyl peroxide is the only ingredient that helps fade my acne overnight and this acne treatment is super effective on cystic acne. It is non drying and works great on my sensitive skin. Highly recommend!,True,0
P469515,CLEAR Daily Skin Clearing Treatment with 2.5% Benzoyl Peroxide,5,"This is one of the best face cleansers I’ve tried! It doesn’t strip your skin if it’s moisture, instead it just removes left over makeup and oil that was produced throughout the day. I have very oily skin, so it’s amazing when I’m able to find face wash that does not completely dry my skin out, but remove all my natural oils and leaving my skin feeling smooth.",True,0
P469515,CLEAR Daily Skin Clearing Treatment with 2.5% Benzoyl Peroxide,5,This product is great for my acne-prone skin. It goes on smoothly and feels very light-weight. It is not tacky or heavy on my skin. It definitely has helped clear up acne marks quickly and I am happy with it overall.,True,1
P469515,CLEAR Daily Skin Clearing Treatment with 2.5% Benzoyl Peroxide,1,"This product did not work for me. I recently changed my skin care regime and added this. I wasn’t seeing any good results but I did some digging and found that this product contains Laureth-4 which is a pore clogging chemical. To test my theory that this was the issue, I did everything the same except I used this product on only one cheek. Within days, I noticed the cheek I was using it on was not getting any better, while the other side and my forehead was starting to look noticeably clearer. I would return this if I could but I will likely just toss it. Waste of money for me and I will not be buying again. (Side with daith piercing was the side I used this product on)",True,36
P469515,CLEAR Daily Skin Clearing Treatment with 2.5% Benzoyl Peroxide,5,I love how it makes my skin look like. I have a very normal to dry skin and its really hard for me to find a right product. And this product right here will be going to my cart every after 2 weeks now. It has a very light texture and light weight too. Doesn’t irritate my skin at all which other products usually do. Will buy it over and over again,True,0
P469515,CLEAR Daily Skin Clearing Treatment with 2.5% Benzoyl Peroxide,5,"This has made a dramatic difference in a week!! I notice a size difference after each application. Acne has plagued me most of life, this seriously helps. This has the most instant results I’ve ever had.",True,1
P469515,CLEAR Daily Skin Clearing Treatment with 2.5% Benzoyl Peroxide,5,"I have a hard time keeping my acne under control, especially when I’m stressed. I haven’t used this for too long, but I feel like this product has been great at keeping my acne at bay and preventing new breakouts from coming out!",True,0
P469515,CLEAR Daily Skin Clearing Treatment with 2.5% Benzoyl Peroxide,5,I had a random cystic break out on the side of my face and in less than 2 days (disclaimer I also used a benzoyl face cleanser from inkey list) my face has cleared a ton and the swelling has all gone away. Will keep using!!,True,2
P469515,CLEAR Daily Skin Clearing Treatment with 2.5% Benzoyl Peroxide,5,This product has been such a life saver! I have tendency to get white heads but I’ve been using this product as soon as I get a pimple and they’ve been able to go away without turning into one or scarring. The texture is smooth and easy to use.,True,0
P469515,CLEAR Daily Skin Clearing Treatment with 2.5% Benzoyl Peroxide,5,"This worked so good! I was having hormonal acne and stress acne and this cleared me up within just a few weeks but I used it along with dermalogica special cleanser, and dermalogica toner I applied dermalogica first then the Paula’s choice and only used Paula’s choice 2 times a day, I tried the 3 times a day and it dried my face so I stuck with the 2 times a day! But works so good!! Highly recommend",True,6
P469515,CLEAR Daily Skin Clearing Treatment with 2.5% Benzoyl Peroxide,5,I’m sooooo obsessed with this acne clearing product. My skin has changed for the better. This clears my pimples overnight and my skin looks so much clearer. I can’t wait to keep using it. It’s a staple.,True,1
P469515,CLEAR Daily Skin Clearing Treatment with 2.5% Benzoyl Peroxide,4,"This product really helped my cyst.I don’t really get many but when I do its like they are uncontrollable and painful. I applied this and overnight my pimple when down in size and it did not hurt as much. The finish of the product is non sticky. It first my skin did get a little red after using, but after a couple of applications, it did get better. It has also been helping with my appearance of scars and my texture is a lot smoother.",True,4
P469515,CLEAR Daily Skin Clearing Treatment with 2.5% Benzoyl Peroxide,5,love using this brand. obsessed to say the least. I will never go back to another product this is in my holy grails list for the year 2022. Could not recommend this more run do not walk I am not joking,True,0
P469515,CLEAR Daily Skin Clearing Treatment with 2.5% Benzoyl Peroxide,3,"This certainly doesn’t burn and sting the way other PB products which is great. We don’t want to damage our skin! However, I don’t recommend this for deep, cystic, hormonal acne. I didnt notice any tangible differences using this product.",True,2
P469515,CLEAR Daily Skin Clearing Treatment with 2.5% Benzoyl Peroxide,5,"Excellent product, really clearing up persistent acne on cheeks",True,3
P469515,CLEAR Daily Skin Clearing Treatment with 2.5% Benzoyl Peroxide,5,I’ve been actively using this since college and it’s never let me know. I’ve probably bought 12 bottles at this point. It honestly worked when nothing else did for me.,True,2
P469515,CLEAR Daily Skin Clearing Treatment with 2.5% Benzoyl Peroxide,5,this skin clearing BP Product has made such a HUGE & positive difference on my skin. I tend to break out both normally (around my period) & also dude to the excessive amount of sugar I intake however this product has helped keep my acne at bay. It’s helped get rid of stubborn acne and those under the skin pimples that aren’t ready to come out but you can definitely see the bump / feel a bump. It’s helped reduce my blemishes & redness clearing up my skin to give it a smooth clear appearance.,True,0
P469515,CLEAR Daily Skin Clearing Treatment with 2.5% Benzoyl Peroxide,5,"I use this everyday or any sight of new acne, it saves my skin from prolonged breakouts I usually get cystic acne around jaw and side of face sometimes under jawline. This also helps with the clogged pores or tiny bumps too.",True,8
P469515,CLEAR Daily Skin Clearing Treatment with 2.5% Benzoyl Peroxide,5,"I have been dealing with acne most of my life. I’m in my 30’s and it still hasn’t gotten any better and I had tried everything from origins to murad to Peter Thomas Roth. Just discovered paula’s choice and it changed my life. Within a week my skin has completely done a 180. It’s completely cleared up, soft, and hydrated. I will use this brand for the rest of my life. I use the perfectly balanced foaming cleanser, weightless toner, bha liquid exfoliant, daily clearing treatment, omega serum, oil free moisturizer, and the ultra light hydrating serum (it’s the spf part of my skin routine). The clearing treatment doesn’t leave my skin irritated or sensitive. 10/10 recommend!!!",True,21
P469515,CLEAR Daily Skin Clearing Treatment with 2.5% Benzoyl Peroxide,5,Have not gotten a pimple since I started using this last week and my skin has cleared up so much. I have very dry skin and this didn’t dry it out either . 100/10 !!!,True,8
P469515,CLEAR Daily Skin Clearing Treatment with 2.5% Benzoyl Peroxide,5,"I love the clear line, and this might be my favorite. This is a very light weight gel that I apply in a thin layer before moisturizing. It helped so much with clearing up my skin and working on active breakouts. Its also not drying at all for my combo skin which is great, it’s actually kind of soothing.",True,4
P469515,CLEAR Daily Skin Clearing Treatment with 2.5% Benzoyl Peroxide,5,"My go to product for acne. It goes on smooth and is weightless. I noticed as soon as I see acne start to form I apply to my skin by the next day it’s gone. My skin looks and feel smoother, healthier and even hydrated. It works great on my skin without drying and peeling.",True,1
P469515,CLEAR Daily Skin Clearing Treatment with 2.5% Benzoyl Peroxide,5,"I’ve had these annoying whiteheads & bumps all around the edges of my nose for YEARS. I tried so many different face masks & acne treatments... then I found this. I lathered my nose in it 1 night, the next morning: CLEAR NOSE. No bumps or whiteheads!!! It burned putting it on the first time, but I didn’t care - it was working! I use this whenever I have whiteheads or acne bumps anywhere on my body now; works like magic.",True,7
P469515,CLEAR Daily Skin Clearing Treatment with 2.5% Benzoyl Peroxide,5,Best acne treatment I’ve ever used. I swear by this product.,True,4
P469515,CLEAR Daily Skin Clearing Treatment with 2.5% Benzoyl Peroxide,5,Paula’s Choice has done it again! My hormonal acne hates me for finding this treatment but it keeps it away. It isn’t super drying like other benzoyl peroxide products. I apply at night after cleansing and toning. Moisturize after as needed.,True,2
P469515,CLEAR Daily Skin Clearing Treatment with 2.5% Benzoyl Peroxide,5,"This product is so great for acne-prone skin! I love that it has an invisible matte finish and can be worn under makeup. It also is very helpful for cystic acne, which I have always struggled with. I definitely recommend it!",True,0
P469515,CLEAR Daily Skin Clearing Treatment with 2.5% Benzoyl Peroxide,5,"I love this product so much! It helped my breakout since I struggle with hormonal acne. I had a bad, deep breakout and this product helped clear it in a week! Normally these breakouts will stay for up to a month!!!",True,0
P469515,CLEAR Daily Skin Clearing Treatment with 2.5% Benzoyl Peroxide,5,I love how thin this product is! It’s like a gel consistency and it feels so lightweight on your skin. I apply it after serums and before my moisturizer. I have sensitive and acne prone skin and this has not been too strong for me. It’s definitely reduced the amount of whiteheads and inflamed pimples I’ve had! My skin feels more smooth than usual too. I think this is a new holy grail product for me!,True,1
P469515,CLEAR Daily Skin Clearing Treatment with 2.5% Benzoyl Peroxide,5,when my skin was at its worst i would use this product all over. it did not dry my out at all and i believe it helped me a lot. i now use this as a spot treatment and i do notice improvement. this will last a very long time if you’re only using it as a spot treatment because the container is very large,True,6
P469515,CLEAR Daily Skin Clearing Treatment with 2.5% Benzoyl Peroxide,4,So happy to see an acne treatment that isn’t salicylic acid! This was very nice on my skin since it didn’t irritate it with consistent use. I do feel like you need to use it more frequently to see results.,True,2
P469515,CLEAR Daily Skin Clearing Treatment with 2.5% Benzoyl Peroxide,5,"Gentle, yet effective treatment, really good for every day and clears out the acne within 10-14 days (in my case). I think the most important thing is consistency. Also, want to mention that the texture is light and lathers well. Highly recommend!",True,1
P469515,CLEAR Daily Skin Clearing Treatment with 2.5% Benzoyl Peroxide,5,"Great stuff!! I’ve been on/off with acne for a decade and a have been using the acne.org BP for years. I made the switch to Paula’s choice because I heard it minimizes some negative effects of BP (like the bleaching) and I’m so happy I did!! BP should be a staple if you struggle with acne, and this is a great formula to use.",True,10
P469515,CLEAR Daily Skin Clearing Treatment with 2.5% Benzoyl Peroxide,5,This is great topical treatment for acne bumps! Benzoyl Peroxide does not brake me out but this product will clear any acne bumps if you use it daily!  Just put it on the area that brakes out and you will see it go away!,True,1
P469515,CLEAR Daily Skin Clearing Treatment with 2.5% Benzoyl Peroxide,5,"I used to use some drugstore brand Benzoyl Peroxide treatment that was 5% but it was discontinued. I’ve had a great experience with the Paula’s Choice Chemical exfoliator so I decided to try this. I work it into my skin care rotation about twice/three times a week. It’s great; I actually broke out a few days ago after heavy makeup usage, I washed a few nights in a row with this and it has helped clear my (cystic) acne so much! Painful pumps are much less swollen and getting better daily.",True,2
P469515,CLEAR Daily Skin Clearing Treatment with 2.5% Benzoyl Peroxide,5,este tratamiento es súper efectivo para mi piel grasosa y con acné me ha ayudado mucho a reducir la formación de grasa en mi rostro tiene una textura ligera y mi piel se siente super fresca al aplicarlo me encanta como luce mi rostro y lo mucho que me ha ayudado este producto,True,0
P469515,CLEAR Daily Skin Clearing Treatment with 2.5% Benzoyl Peroxide,5,"Este es el mejor producto para acné moderado que he probado, disminuye la cantidad de brotes que aparecen en la piel, los que llegan a salir a los pocos días ya no están, los que se llegan a reventar cicatrizan excelente y las manchas por inflamación se desvanecen súper rápido, lo uso con la piel seca después de la limpieza, dejo que se absorba y utilizo protector solar spf 50+, que me brinde hidratación por que después de que se absorbe mi piel queda ligeramente matificada; si buscas algo para disminuir el acné y mejorar la calidad de la piel, pruébalo sin duda",True,6
P469515,CLEAR Daily Skin Clearing Treatment with 2.5% Benzoyl Peroxide,5,"I freakin love this stuff! Keeps acne at bay, dries well under makeup! I use it daily!",True,0
P469515,CLEAR Daily Skin Clearing Treatment with 2.5% Benzoyl Peroxide,5,i love this stuff for the morning!! it helps prevent breakouts that i seem to get in the morning which i love. it’s also very gentle for such a strong ingredient and doesn’t strip my skin.,True,0
P469515,CLEAR Daily Skin Clearing Treatment with 2.5% Benzoyl Peroxide,5,"I really like the texture of this treatment, it is so good for acne prone skin. It was gentle on my skin and it helped to visibly reduce redness of my skin and post acne marks. I will continue to use it.",True,0
P469515,CLEAR Daily Skin Clearing Treatment with 2.5% Benzoyl Peroxide,5,"This stuff WORKS. You must try if you’ve been struggling with acne. I used the entire tube and my cystic acne is almost non existent, also considering I was careful with other products I chose to use. You just have to be patient to see results. This is definitely an essential for acne skincare. Also love how it doesn’t break the bank too!",True,1
P469515,CLEAR Daily Skin Clearing Treatment with 2.5% Benzoyl Peroxide,5,"I used this on my entire face, which is unnecessary, overnight and it made my skin peel. It’s a very effective spot treatment but if you do intend on using it on your entire face just purchase a Benzoyl Peroxide cleanser which is less drying.",True,1
